architecture,target,temporal_bin,calibration_method,metric,unweighted_mean,weighted_mean,difference
densenet121,Cardiomegaly,T1_2015,raw,brier_score,0.05261031703562266,0.12242513567285584,0.06981481863723318
densenet121,Cardiomegaly,T1_2015,raw,log_loss,0.1770176995293513,0.3868539838880296,0.2098362843586783
densenet121,Cardiomegaly,T1_2015,raw,ece_equal_mass,0.01321141877888015,0.1994018669122437,0.18619044813336355
densenet121,Cardiomegaly,T1_2015,raw,auroc,0.9107079032536802,0.8814300835807765,-0.02927781967290377
densenet121,Cardiomegaly,T2_2016,raw,brier_score,0.0671015586961318,0.13182397383390998,0.06472241513777818
densenet121,Cardiomegaly,T2_2016,raw,log_loss,0.22346345878683485,0.41017309856149653,0.18670963977466168
densenet121,Cardiomegaly,T2_2016,raw,ece_equal_mass,0.02496854255702857,0.19493727152959534,0.16996872897256676
densenet121,Cardiomegaly,T2_2016,raw,auroc,0.9001778082064305,0.8685599363213976,-0.031617871885032844
densenet121,Cardiomegaly,T3_2017,raw,brier_score,0.06705179473469097,0.1322067456162676,0.06515495088157663
densenet121,Cardiomegaly,T3_2017,raw,log_loss,0.21994950431623517,0.4125947245726134,0.19264522025637826
densenet121,Cardiomegaly,T3_2017,raw,ece_equal_mass,0.023160970735410073,0.19345796578030292,0.17029699504489285
densenet121,Cardiomegaly,T3_2017,raw,auroc,0.905699436222692,0.8659329375502738,-0.039766498672418216
densenet121,Cardiomegaly,T1_2015,temperature,brier_score,0.05235420419295536,0.1225771555170337,0.07022295132407834
densenet121,Cardiomegaly,T1_2015,temperature,log_loss,0.1754307191036074,0.3883104320974534,0.212879712993846
densenet121,Cardiomegaly,T1_2015,temperature,ece_equal_mass,0.010885937789109543,0.1958165509407402,0.18493061315163067
densenet121,Cardiomegaly,T1_2015,temperature,auroc,0.9100961689525695,0.8811983511649463,-0.028897817787623237
densenet121,Cardiomegaly,T2_2016,temperature,brier_score,0.06678558959922382,0.13179462282543422,0.0650090332262104
densenet121,Cardiomegaly,T2_2016,temperature,log_loss,0.2207533889612984,0.40986693333814994,0.18911354437685154
densenet121,Cardiomegaly,T2_2016,temperature,ece_equal_mass,0.022512127735397486,0.19120699902572239,0.1686948712903249
densenet121,Cardiomegaly,T2_2016,temperature,auroc,0.9001778912943774,0.8685599363213976,-0.03161795497297981
densenet121,Cardiomegaly,T3_2017,temperature,brier_score,0.06674228636084799,0.13231615860948773,0.06557387224863974
densenet121,Cardiomegaly,T3_2017,temperature,log_loss,0.21769469318391035,0.41244413812416447,0.19474944494025412
densenet121,Cardiomegaly,T3_2017,temperature,ece_equal_mass,0.021675404203907032,0.18968325559016178,0.16800785138625474
densenet121,Cardiomegaly,T3_2017,temperature,auroc,0.905699436222692,0.8659329375502738,-0.039766498672418216
densenet121,Cardiomegaly,T1_2015,offset,brier_score,0.05282895394314003,0.057109389743875374,0.004280435800735345
densenet121,Cardiomegaly,T1_2015,offset,log_loss,0.1769101359157433,0.19419326790514432,0.017283131989401013
densenet121,Cardiomegaly,T1_2015,offset,ece_equal_mass,0.012731244736802025,0.01521154800912662,0.002480303272324595
densenet121,Cardiomegaly,T1_2015,offset,auroc,0.9101992702392735,0.8807957651882924,-0.029403505050981105
densenet121,Cardiomegaly,T2_2016,offset,brier_score,0.06676150193258443,0.07224894509586613,0.005487443163281702
densenet121,Cardiomegaly,T2_2016,offset,log_loss,0.22145783694682486,0.24312847396425322,0.021670637017428357
densenet121,Cardiomegaly,T2_2016,offset,ece_equal_mass,0.02182790790998442,0.02523827546766973,0.0034103675576853086
densenet121,Cardiomegaly,T2_2016,offset,auroc,0.9001778912943774,0.8685599363213976,-0.03161795497297981
densenet121,Cardiomegaly,T3_2017,offset,brier_score,0.06679006286773576,0.07358130492886907,0.00679124206113331
densenet121,Cardiomegaly,T3_2017,offset,log_loss,0.2183129619662164,0.24623716697524173,0.027924205009025316
densenet121,Cardiomegaly,T3_2017,offset,ece_equal_mass,0.022162843374363517,0.02530767696243252,0.003144833588069003
densenet121,Cardiomegaly,T3_2017,offset,auroc,0.905699436222692,0.8659329375502738,-0.039766498672418216
densenet121,Cardiomegaly,T1_2015,platt,brier_score,0.05263254497113599,0.05690883084250141,0.004276285871365422
densenet121,Cardiomegaly,T1_2015,platt,log_loss,0.17612042989317422,0.19405990878128654,0.017939478888112315
densenet121,Cardiomegaly,T1_2015,platt,ece_equal_mass,0.007991295355927608,0.014022376578846472,0.0060310812229188646
densenet121,Cardiomegaly,T1_2015,platt,auroc,0.9093125991736186,0.879191312783774,-0.03012128638984457
densenet121,Cardiomegaly,T2_2016,platt,brier_score,0.06644960887864645,0.07186690575007171,0.005417296871425253
densenet121,Cardiomegaly,T2_2016,platt,log_loss,0.22016939299747737,0.24157283587029904,0.02140344287282167
densenet121,Cardiomegaly,T2_2016,platt,ece_equal_mass,0.021123181911567795,0.022711802962630527,0.0015886210510627323
densenet121,Cardiomegaly,T2_2016,platt,auroc,0.9001778912943774,0.8685599363213976,-0.03161795497297981
densenet121,Cardiomegaly,T3_2017,platt,brier_score,0.06643289846241567,0.07304133114024827,0.006608432677832607
densenet121,Cardiomegaly,T3_2017,platt,log_loss,0.21705934709906755,0.24410939143675137,0.02705004433768382
densenet121,Cardiomegaly,T3_2017,platt,ece_equal_mass,0.020268957960457093,0.022525479730022793,0.0022565217695657003
densenet121,Cardiomegaly,T3_2017,platt,auroc,0.905699436222692,0.8659329375502738,-0.039766498672418216
densenet121,Edema,T1_2015,raw,brier_score,0.002127967884084863,0.05341358836974909,0.05128562048566423
densenet121,Edema,T1_2015,raw,log_loss,0.016011280447661008,0.1851928845141791,0.16918160406651808
densenet121,Edema,T1_2015,raw,ece_equal_mass,0.0028358013664534893,0.10745024384315895,0.10461444247670545
densenet121,Edema,T1_2015,raw,auroc,0.54405,0.6090166666666668,0.06496666666666673
densenet121,Edema,T2_2016,raw,brier_score,0.003239346459628388,0.05776667738152849,0.054527330921900104
densenet121,Edema,T2_2016,raw,log_loss,0.020182718719803764,0.19508293586485653,0.17490021714505277
densenet121,Edema,T2_2016,raw,ece_equal_mass,0.0029390693953597214,0.11492736280928167,0.11198829341392195
densenet121,Edema,T2_2016,raw,auroc,0.8764565831752544,0.8816562463706399,0.005199663195385451
densenet121,Edema,T3_2017,raw,brier_score,1.3643181491431213e-05,0.05444934496795171,0.054435701786460275
densenet121,Edema,T3_2017,raw,log_loss,0.0026243325425024627,0.1830470769772771,0.18042274443477463
densenet121,Edema,T3_2017,raw,ece_equal_mass,0.0026174805416524266,0.11497922418951056,0.11236174364785814
densenet121,Edema,T3_2017,raw,auroc,,,
densenet121,Edema,T1_2015,temperature,brier_score,0.0021280040465923755,0.0537336582256602,0.051605654179067824
densenet121,Edema,T1_2015,temperature,log_loss,0.016393738473156574,0.18502631073330633,0.16863257226014977
densenet121,Edema,T1_2015,temperature,ece_equal_mass,0.003153635174051291,0.10554553510149356,0.10239189992744227
densenet121,Edema,T1_2015,temperature,auroc,0.42161666666666664,0.5866333333333333,0.1650166666666667
densenet121,Edema,T2_2016,temperature,brier_score,0.00323017320560981,0.05736994678569841,0.0541397735800886
densenet121,Edema,T2_2016,temperature,log_loss,0.019518562291555488,0.1901737873034149,0.1706552250118594
densenet121,Edema,T2_2016,temperature,ece_equal_mass,0.002705192976086803,0.11143708001964839,0.10873188704356158
densenet121,Edema,T2_2016,temperature,auroc,0.8764565831752544,0.8816562463706399,0.005199663195385451
densenet121,Edema,T3_2017,temperature,brier_score,1.0077735850181974e-05,0.05396398367095223,0.05395390593510205
densenet121,Edema,T3_2017,temperature,log_loss,0.002310995951045851,0.17745482592816908,0.17514382997712322
densenet121,Edema,T3_2017,temperature,ece_equal_mass,0.0023059281861594794,0.11143759513718894,0.10913166695102947
densenet121,Edema,T3_2017,temperature,auroc,,,
densenet121,Edema,T1_2015,offset,brier_score,0.0021303832656807448,0.002475059796653139,0.000344676530972394
densenet121,Edema,T1_2015,offset,log_loss,0.016349418860409595,0.01995369402353881,0.0036042751631292155
densenet121,Edema,T1_2015,offset,ece_equal_mass,0.0029650207228708444,0.0029415623562852383,-2.3458366585606127e-05
densenet121,Edema,T1_2015,offset,auroc,0.4165166666666667,0.5385333333333333,0.1220166666666666
densenet121,Edema,T2_2016,offset,brier_score,0.0032295328307237036,0.003237755573408411,8.222742684707574e-06
densenet121,Edema,T2_2016,offset,log_loss,0.019467316333477886,0.020087894988933777,0.000620578655455891
densenet121,Edema,T2_2016,offset,ece_equal_mass,0.0026545482169773923,0.0017702430401379161,-0.0008843051768394762
densenet121,Edema,T2_2016,offset,auroc,0.8764565831752544,0.8816562463706399,0.005199663195385451
densenet121,Edema,T3_2017,offset,brier_score,1.0299200823637346e-05,7.411857816517144e-05,6.38193773415341e-05
densenet121,Edema,T3_2017,offset,log_loss,0.0021831678460894795,0.0016256266638627484,-0.000557541182226731
densenet121,Edema,T3_2017,offset,ece_equal_mass,0.00217798176116383,0.0015831567169669952,-0.000594825044196835
densenet121,Edema,T3_2017,offset,auroc,,,
densenet121,Edema,T1_2015,platt,brier_score,0.002129359722937451,0.016147868002610578,0.014018508279673127
densenet121,Edema,T1_2015,platt,log_loss,0.01802335521927856,0.059109724648205984,0.041086369428927426
densenet121,Edema,T1_2015,platt,ece_equal_mass,0.002751360034925458,0.02931951246553166,0.0265681524306062
densenet121,Edema,T1_2015,platt,auroc,0.41204999999999997,0.5223,0.11025000000000001
densenet121,Edema,T2_2016,platt,brier_score,0.003240242924448486,0.0032326702817784833,-7.572642670002679e-06
densenet121,Edema,T2_2016,platt,log_loss,0.020396563443350217,0.01982844285267619,-0.0005681205906740289
densenet121,Edema,T2_2016,platt,ece_equal_mass,0.0032163124187086613,0.002813643872608417,-0.00040266854610024414
densenet121,Edema,T2_2016,platt,auroc,0.8764565831752544,0.8816562463706399,0.005199663195385451
densenet121,Edema,T3_2017,platt,brier_score,5.984824809139173e-06,6.897327042341788e-06,9.125022332026146e-07
densenet121,Edema,T3_2017,platt,log_loss,0.0021901866323520334,0.0022093870406878083,1.9200408335774948e-05
densenet121,Edema,T3_2017,platt,ece_equal_mass,0.0021871869293582646,0.002205927300731006,1.8740371372741316e-05
densenet121,Edema,T3_2017,platt,auroc,,,
densenet121,Pleural Effusion,T1_2015,raw,brier_score,0.03669896403764391,0.10356162745129777,0.06686266341365385
densenet121,Pleural Effusion,T1_2015,raw,log_loss,0.13020317937363424,0.35095996414750197,0.22075678477386773
densenet121,Pleural Effusion,T1_2015,raw,ece_equal_mass,0.02385520306316781,0.19271600395545213,0.16886080089228434
densenet121,Pleural Effusion,T1_2015,raw,auroc,0.9363451935081148,0.9138470377936669,-0.02249815571444791
densenet121,Pleural Effusion,T2_2016,raw,brier_score,0.03525002852601189,0.12410435309652837,0.08885432457051648
densenet121,Pleural Effusion,T2_2016,raw,log_loss,0.13168185341563024,0.4084938123351841,0.2768119589195539
densenet121,Pleural Effusion,T2_2016,raw,ece_equal_mass,0.010977513208323032,0.21868549845210034,0.20770798524377732
densenet121,Pleural Effusion,T2_2016,raw,auroc,0.8929715882972256,0.8758276243011996,-0.017143963996025913
densenet121,Pleural Effusion,T3_2017,raw,brier_score,0.027677432184743833,0.12068270291389233,0.09300527072914849
densenet121,Pleural Effusion,T3_2017,raw,log_loss,0.10987949674943324,0.3956411721772402,0.28576167542780695
densenet121,Pleural Effusion,T3_2017,raw,ece_equal_mass,0.008693862754144856,0.21890608138419246,0.2102122186300476
densenet121,Pleural Effusion,T3_2017,raw,auroc,0.8762835589361224,0.8472708734706133,-0.02901268546550917
densenet121,Pleural Effusion,T1_2015,temperature,brier_score,0.03603195957700975,0.10308658511580283,0.06705462553879309
densenet121,Pleural Effusion,T1_2015,temperature,log_loss,0.12727341745713738,0.35013533849649814,0.22286192103936076
densenet121,Pleural Effusion,T1_2015,temperature,ece_equal_mass,0.02037124740705213,0.18348329519089496,0.16311204778384283
densenet121,Pleural Effusion,T1_2015,temperature,auroc,0.9352726705254795,0.9134859834298037,-0.021786687095675772
densenet121,Pleural Effusion,T2_2016,temperature,brier_score,0.03489642625782521,0.12399532435406628,0.08909889809624108
densenet121,Pleural Effusion,T2_2016,temperature,log_loss,0.12908778676661126,0.4101258188121547,0.28103803204554345
densenet121,Pleural Effusion,T2_2016,temperature,ece_equal_mass,0.008790149321256631,0.20948937919812052,0.2006992298768639
densenet121,Pleural Effusion,T2_2016,temperature,auroc,0.892972144371784,0.8758276243011996,-0.017144520070584313
densenet121,Pleural Effusion,T3_2017,temperature,brier_score,0.0276673374050199,0.12041427694989955,0.09274693954487964
densenet121,Pleural Effusion,T3_2017,temperature,log_loss,0.10933532830729657,0.3955190782685889,0.2861837499612923
densenet121,Pleural Effusion,T3_2017,temperature,ece_equal_mass,0.01052193234153834,0.20935045841965824,0.1988285260781199
densenet121,Pleural Effusion,T3_2017,temperature,auroc,0.8762835589361224,0.8472708734706133,-0.02901268546550917
densenet121,Pleural Effusion,T1_2015,offset,brier_score,0.03475223180546488,0.039043016049478886,0.004290784244014009
densenet121,Pleural Effusion,T1_2015,offset,log_loss,0.12457098755331338,0.13758852173524203,0.01301753418192865
densenet121,Pleural Effusion,T1_2015,offset,ece_equal_mass,0.014429486018743406,0.015204395495306344,0.0007749094765629374
densenet121,Pleural Effusion,T1_2015,offset,auroc,0.9357961638860515,0.9132547383951879,-0.022541425490863576
densenet121,Pleural Effusion,T2_2016,offset,brier_score,0.03597268604764352,0.03895960669604027,0.00298692064839675
densenet121,Pleural Effusion,T2_2016,offset,log_loss,0.13211559893827227,0.14178141852762924,0.009665819589356972
densenet121,Pleural Effusion,T2_2016,offset,ece_equal_mass,0.013764883743188891,0.018544960179579146,0.004780076436390255
densenet121,Pleural Effusion,T2_2016,offset,auroc,0.892972144371784,0.8758276243011996,-0.017144520070584313
densenet121,Pleural Effusion,T3_2017,offset,brier_score,0.028917323976009657,0.032211262193190794,0.0032939382171811374
densenet121,Pleural Effusion,T3_2017,offset,log_loss,0.11345398730029774,0.12473374404996208,0.011279756749664346
densenet121,Pleural Effusion,T3_2017,offset,ece_equal_mass,0.01800668862602753,0.02094841432946928,0.002941725703441752
densenet121,Pleural Effusion,T3_2017,offset,auroc,0.8762835589361224,0.8472708734706133,-0.02901268546550917
densenet121,Pleural Effusion,T1_2015,platt,brier_score,0.03430095256980181,0.038347379105126214,0.004046426535324402
densenet121,Pleural Effusion,T1_2015,platt,log_loss,0.12152415146344141,0.13616357755790584,0.014639426094464433
densenet121,Pleural Effusion,T1_2015,platt,ece_equal_mass,0.0065745214708454874,0.012158760205041651,0.005584238734196164
densenet121,Pleural Effusion,T1_2015,platt,auroc,0.9346824991487912,0.9122715923277721,-0.022410906821019094
densenet121,Pleural Effusion,T2_2016,platt,brier_score,0.03712655553640654,0.037625170566227155,0.0004986150298206121
densenet121,Pleural Effusion,T2_2016,platt,log_loss,0.1331869930629977,0.1384147150825238,0.005227722019526093
densenet121,Pleural Effusion,T2_2016,platt,ece_equal_mass,0.015462155192261158,0.015068361635998846,-0.0003937935562623122
densenet121,Pleural Effusion,T2_2016,platt,auroc,0.892972144371784,0.8758276243011996,-0.017144520070584313
densenet121,Pleural Effusion,T3_2017,platt,brier_score,0.02984098920874456,0.030892471919061765,0.0010514827103172038
densenet121,Pleural Effusion,T3_2017,platt,log_loss,0.11433970675080785,0.12140424611591058,0.007064539365102734
densenet121,Pleural Effusion,T3_2017,platt,ece_equal_mass,0.01866085398156688,0.018700958487962098,4.0104506395216566e-05
densenet121,Pleural Effusion,T3_2017,platt,auroc,0.8762835589361224,0.8472708734706133,-0.02901268546550917
densenet121,Pneumonia,T1_2015,raw,brier_score,0.023489454669555265,0.12521004721372017,0.1017205925441649
densenet121,Pneumonia,T1_2015,raw,log_loss,0.09905482150420766,0.405344128783213,0.3062893072790054
densenet121,Pneumonia,T1_2015,raw,ece_equal_mass,0.014726949398378706,0.23202023879811787,0.21729328939973916
densenet121,Pneumonia,T1_2015,raw,auroc,0.8499015855658829,0.822874521596501,-0.027027063969381926
densenet121,Pneumonia,T2_2016,raw,brier_score,0.018201839238448807,0.12445776294317173,0.10625592370472292
densenet121,Pneumonia,T2_2016,raw,log_loss,0.0771820643251529,0.40138917630604,0.3242071119808871
densenet121,Pneumonia,T2_2016,raw,ece_equal_mass,0.008649074484314203,0.23696307285796692,0.2283139983736527
densenet121,Pneumonia,T2_2016,raw,auroc,0.8855771348613037,0.8571321566925361,-0.028444978168767676
densenet121,Pneumonia,T3_2017,raw,brier_score,0.018654667255256885,0.12361773598797962,0.10496306873272274
densenet121,Pneumonia,T3_2017,raw,log_loss,0.08031592618181072,0.3991337253673518,0.3188177991855411
densenet121,Pneumonia,T3_2017,raw,ece_equal_mass,0.009556023128679456,0.23499690881563967,0.22544088568696022
densenet121,Pneumonia,T3_2017,raw,auroc,0.8679777870913663,0.8508340318524727,-0.017143755238893554
densenet121,Pneumonia,T1_2015,temperature,brier_score,0.023142121053024912,0.12118698255885403,0.09804486150582911
densenet121,Pneumonia,T1_2015,temperature,log_loss,0.09625792178108564,0.3865822381151163,0.29032431633403066
densenet121,Pneumonia,T1_2015,temperature,ece_equal_mass,0.013115149419083798,0.22365264162345883,0.21053749220437504
densenet121,Pneumonia,T1_2015,temperature,auroc,0.8422156916347731,0.8236905412793876,-0.01852515035538549
densenet121,Pneumonia,T2_2016,temperature,brier_score,0.01805630992614725,0.11981574948464765,0.1017594395585004
densenet121,Pneumonia,T2_2016,temperature,log_loss,0.07698321312673037,0.38170548542771415,0.3047222723009838
densenet121,Pneumonia,T2_2016,temperature,ece_equal_mass,0.008995087728491499,0.22851347339984845,0.21951838567135695
densenet121,Pneumonia,T2_2016,temperature,auroc,0.8855771348613036,0.8571321566925361,-0.028444978168767565
densenet121,Pneumonia,T3_2017,temperature,brier_score,0.01847757744701125,0.11932692445754889,0.10084934701053763
densenet121,Pneumonia,T3_2017,temperature,log_loss,0.0795094194349913,0.37971788827370945,0.30020846883871816
densenet121,Pneumonia,T3_2017,temperature,ece_equal_mass,0.008087523614828826,0.22688146716456292,0.21879394354973408
densenet121,Pneumonia,T3_2017,temperature,auroc,0.8679777870913663,0.8508340318524727,-0.017143755238893554
densenet121,Pneumonia,T1_2015,offset,brier_score,0.022998623852140306,0.023801527849816574,0.0008029039976762686
densenet121,Pneumonia,T1_2015,offset,log_loss,0.09587024107319833,0.10277541229662514,0.0069051712234268064
densenet121,Pneumonia,T1_2015,offset,ece_equal_mass,0.010273591568016747,0.010900505664843296,0.0006269140968265495
densenet121,Pneumonia,T1_2015,offset,auroc,0.8439051394204483,0.8191853471842537,-0.024719792236194582
densenet121,Pneumonia,T2_2016,offset,brier_score,0.01821124398088864,0.019369701540813813,0.0011584575599251738
densenet121,Pneumonia,T2_2016,offset,log_loss,0.07676643472087241,0.08083761728519594,0.004071182564323525
densenet121,Pneumonia,T2_2016,offset,ece_equal_mass,0.008195050822632331,0.008082092537877476,-0.00011295828475485492
densenet121,Pneumonia,T2_2016,offset,auroc,0.8855771348613036,0.8571321566925361,-0.028444978168767565
densenet121,Pneumonia,T3_2017,offset,brier_score,0.01849172001205443,0.019392628713573945,0.000900908701519515
densenet121,Pneumonia,T3_2017,offset,log_loss,0.07920632031874922,0.08249846459406168,0.003292144275312464
densenet121,Pneumonia,T3_2017,offset,ece_equal_mass,0.00734684393339674,0.009362329656204843,0.0020154857228081033
densenet121,Pneumonia,T3_2017,offset,auroc,0.8679777870913663,0.8508340318524727,-0.017143755238893554
densenet121,Pneumonia,T1_2015,platt,brier_score,0.023115296637507478,0.023762413025402027,0.0006471163878945495
densenet121,Pneumonia,T1_2015,platt,log_loss,0.09574700963804281,0.10113693541357001,0.005389925775527202
densenet121,Pneumonia,T1_2015,platt,ece_equal_mass,0.007427302406573463,0.007125615187518362,-0.0003016872190551006
densenet121,Pneumonia,T1_2015,platt,auroc,0.840826954620011,0.814024056861673,-0.026802897758337996
densenet121,Pneumonia,T2_2016,platt,brier_score,0.01821517285815115,0.018570726262521063,0.00035555340436991406
densenet121,Pneumonia,T2_2016,platt,log_loss,0.07571418600108058,0.07935242825748932,0.0036382422564087413
densenet121,Pneumonia,T2_2016,platt,ece_equal_mass,0.006353149067312542,0.0061389535889757796,-0.00021419547833676205
densenet121,Pneumonia,T2_2016,platt,auroc,0.8855771348613036,0.8571321566925361,-0.028444978168767565
densenet121,Pneumonia,T3_2017,platt,brier_score,0.018505126747855885,0.018582904429540935,7.777768168504978e-05
densenet121,Pneumonia,T3_2017,platt,log_loss,0.0782995486044541,0.08043868326170112,0.0021391346572470216
densenet121,Pneumonia,T3_2017,platt,ece_equal_mass,0.006212507452419463,0.006739616286338131,0.0005271088339186677
densenet121,Pneumonia,T3_2017,platt,auroc,0.8679777870913663,0.8508340318524727,-0.017143755238893554
resnet50,Cardiomegaly,T1_2015,raw,brier_score,0.056167105418219065,0.13601350437208198,0.07984639895386292
resnet50,Cardiomegaly,T1_2015,raw,log_loss,0.19128249560093458,0.4287770195778954,0.2374945239769608
resnet50,Cardiomegaly,T1_2015,raw,ece_equal_mass,0.02038232124741273,0.23977296152703026,0.21939064027961752
resnet50,Cardiomegaly,T1_2015,raw,auroc,0.8943904062779846,0.8423875901399821,-0.052002816138002506
resnet50,Cardiomegaly,T2_2016,raw,brier_score,0.06983207474337955,0.14667076409503232,0.07683868935165278
resnet50,Cardiomegaly,T2_2016,raw,log_loss,0.23418867265433743,0.45286752257793483,0.2186788499235974
resnet50,Cardiomegaly,T2_2016,raw,ece_equal_mass,0.017531492332291773,0.23066962246232645,0.2131381301300347
resnet50,Cardiomegaly,T2_2016,raw,auroc,0.8809313992674965,0.8212686033913176,-0.05966279587617895
resnet50,Cardiomegaly,T3_2017,raw,brier_score,0.07012120116758588,0.14645414571116494,0.07633294454357906
resnet50,Cardiomegaly,T3_2017,raw,log_loss,0.23350961940393006,0.4534903037065088,0.21998068430257872
resnet50,Cardiomegaly,T3_2017,raw,ece_equal_mass,0.016430048329529053,0.2290514958997813,0.21262144757025225
resnet50,Cardiomegaly,T3_2017,raw,auroc,0.8836650952797886,0.815699053608673,-0.06796604167111564
resnet50,Cardiomegaly,T1_2015,temperature,brier_score,0.055550706175311396,0.11839389798010981,0.06284319180479842
resnet50,Cardiomegaly,T1_2015,temperature,log_loss,0.1872893160838358,0.3697924856820869,0.18250316959825108
resnet50,Cardiomegaly,T1_2015,temperature,ece_equal_mass,0.011138049404192104,0.17412486833933913,0.16298681893514702
resnet50,Cardiomegaly,T1_2015,temperature,auroc,0.8938361141223232,0.841491590862673,-0.05234452325965022
resnet50,Cardiomegaly,T2_2016,temperature,brier_score,0.06966161946915346,0.13277960931202987,0.0631179898428764
resnet50,Cardiomegaly,T2_2016,temperature,log_loss,0.2343486309672667,0.40757150705109485,0.17322287608382814
resnet50,Cardiomegaly,T2_2016,temperature,ece_equal_mass,0.01479421853122614,0.1721189188810081,0.15732470034978197
resnet50,Cardiomegaly,T2_2016,temperature,auroc,0.8809314823554435,0.8212686033913176,-0.05966287896412592
resnet50,Cardiomegaly,T3_2017,temperature,brier_score,0.07012291686658342,0.1328848128354283,0.06276189596884488
resnet50,Cardiomegaly,T3_2017,temperature,log_loss,0.232942806440234,0.4120794378836874,0.1791366314434534
resnet50,Cardiomegaly,T3_2017,temperature,ece_equal_mass,0.015050107024390438,0.17125932117353979,0.15620921414914934
resnet50,Cardiomegaly,T3_2017,temperature,auroc,0.8836650952797888,0.815699053608673,-0.06796604167111575
resnet50,Cardiomegaly,T1_2015,offset,brier_score,0.055813489488931306,0.06257941033151786,0.006765920842586551
resnet50,Cardiomegaly,T1_2015,offset,log_loss,0.18839090313588686,0.21912920362151672,0.030738300485629866
resnet50,Cardiomegaly,T1_2015,offset,ece_equal_mass,0.013607034794927714,0.023144243002249185,0.009537208207321471
resnet50,Cardiomegaly,T1_2015,offset,auroc,0.8938243311181285,0.8339779618544877,-0.05984636926364084
resnet50,Cardiomegaly,T2_2016,offset,brier_score,0.07057673153567345,0.08100787898557171,0.01043114744989826
resnet50,Cardiomegaly,T2_2016,offset,log_loss,0.2357270250080899,0.2734103693276605,0.0376833443195706
resnet50,Cardiomegaly,T2_2016,offset,ece_equal_mass,0.021866647277385468,0.029772464128604386,0.007905816851218918
resnet50,Cardiomegaly,T2_2016,offset,auroc,0.8809314823554435,0.8212686033913176,-0.05966287896412592
resnet50,Cardiomegaly,T3_2017,offset,brier_score,0.07078988138429793,0.08176471471378775,0.010974833329489828
resnet50,Cardiomegaly,T3_2017,offset,log_loss,0.23475769317782436,0.27530933525566226,0.0405516420778379
resnet50,Cardiomegaly,T3_2017,offset,ece_equal_mass,0.020674310377826077,0.02790152035781613,0.007227209979990053
resnet50,Cardiomegaly,T3_2017,offset,auroc,0.8836650952797888,0.815699053608673,-0.06796604167111575
resnet50,Cardiomegaly,T1_2015,platt,brier_score,0.0557772583707191,0.061697988988719574,0.005920730618000476
resnet50,Cardiomegaly,T1_2015,platt,log_loss,0.187860589954975,0.21545134956266532,0.027590759607690307
resnet50,Cardiomegaly,T1_2015,platt,ece_equal_mass,0.009205262646000866,0.012437844028761488,0.003232581382760622
resnet50,Cardiomegaly,T1_2015,platt,auroc,0.8928512513550455,0.8328340285305809,-0.060017222824464644
resnet50,Cardiomegaly,T2_2016,platt,brier_score,0.07009480474368196,0.07945284800536245,0.009358043261680493
resnet50,Cardiomegaly,T2_2016,platt,log_loss,0.23507806731403705,0.26891555345820906,0.03383748614417201
resnet50,Cardiomegaly,T2_2016,platt,ece_equal_mass,0.019692427869347294,0.02105255069700221,0.0013601228276549152
resnet50,Cardiomegaly,T2_2016,platt,auroc,0.8809314823554435,0.8212686033913176,-0.05966287896412592
resnet50,Cardiomegaly,T3_2017,platt,brier_score,0.07037602780742239,0.0802006647194595,0.00982463691203711
resnet50,Cardiomegaly,T3_2017,platt,log_loss,0.23329440651756778,0.27212272194417864,0.03882831542661086
resnet50,Cardiomegaly,T3_2017,platt,ece_equal_mass,0.018783376639343454,0.022089868095820992,0.003306491456477538
resnet50,Cardiomegaly,T3_2017,platt,auroc,0.8836650952797888,0.815699053608673,-0.06796604167111575
resnet50,Edema,T1_2015,raw,brier_score,0.0021314720996884885,0.05917008999405046,0.05703861789436197
resnet50,Edema,T1_2015,raw,log_loss,0.017385754700622657,0.19304362211148376,0.17565786741086112
resnet50,Edema,T1_2015,raw,ece_equal_mass,0.002168891674200177,0.13714850235408643,0.13497961067988626
resnet50,Edema,T1_2015,raw,auroc,0.5559666666666667,0.5543833333333333,-0.001583333333333381
resnet50,Edema,T2_2016,raw,brier_score,0.0032322406099189916,0.06376001722631709,0.0605277766163981
resnet50,Edema,T2_2016,raw,log_loss,0.019248487885063954,0.20306895744899736,0.18382046956393341
resnet50,Edema,T2_2016,raw,ece_equal_mass,0.0023270732730004398,0.1454510645136474,0.14312399124064695
resnet50,Edema,T2_2016,raw,auroc,0.8999070883821765,0.8424131857070961,-0.057493902675080366
resnet50,Edema,T3_2017,raw,brier_score,1.7685461713574025e-05,0.06349811479763434,0.06348042933592077
resnet50,Edema,T3_2017,raw,log_loss,0.0016100181433714663,0.2017621399547545,0.20015212181138303
resnet50,Edema,T3_2017,raw,ece_equal_mass,0.0016010235585601192,0.14903586527939544,0.14743484172083532
resnet50,Edema,T3_2017,raw,auroc,,,
resnet50,Edema,T1_2015,temperature,brier_score,0.002148186443402784,0.048661489878067135,0.04651330343466435
resnet50,Edema,T1_2015,temperature,log_loss,0.01825068608040195,0.1555375604209685,0.13728687434056655
resnet50,Edema,T1_2015,temperature,ece_equal_mass,0.002950371136445553,0.09572446876322219,0.09277409762677663
resnet50,Edema,T1_2015,temperature,auroc,0.47811666666666663,0.5270666666666667,0.04895000000000005
resnet50,Edema,T2_2016,temperature,brier_score,0.0032256420365327446,0.05434993755517902,0.05112429551864628
resnet50,Edema,T2_2016,temperature,log_loss,0.01834846168998951,0.16303993436913605,0.14469147267914653
resnet50,Edema,T2_2016,temperature,ece_equal_mass,0.001988917658524303,0.10487965180330534,0.10289073414478105
resnet50,Edema,T2_2016,temperature,auroc,0.8999070883821765,0.8424131857070961,-0.057493902675080366
resnet50,Edema,T3_2017,temperature,brier_score,4.1384168678303064e-05,0.05370359047699491,0.053662206308316605
resnet50,Edema,T3_2017,temperature,log_loss,0.0028989821612860917,0.15992722092774536,0.15702823876645927
resnet50,Edema,T3_2017,temperature,ece_equal_mass,0.002877843497246219,0.10830220619603359,0.10542436269878737
resnet50,Edema,T3_2017,temperature,auroc,,,
resnet50,Edema,T1_2015,offset,brier_score,0.0021461495318103587,0.002314363272281416,0.00016821374047105726
resnet50,Edema,T1_2015,offset,log_loss,0.01801466318289209,0.025416388920511217,0.007401725737619127
resnet50,Edema,T1_2015,offset,ece_equal_mass,0.0029150020988254572,0.0034708508794422865,0.0005558487806168293
resnet50,Edema,T1_2015,offset,auroc,0.50745,0.35196666666666665,-0.1554833333333333
resnet50,Edema,T2_2016,offset,brier_score,0.003226095270009285,0.0032834813244816538,5.738605447236887e-05
resnet50,Edema,T2_2016,offset,log_loss,0.01851151975322782,0.02060635670696027,0.00209483695373245
resnet50,Edema,T2_2016,offset,ece_equal_mass,0.0018916169149569247,0.0017088432034617718,-0.00018277371149515295
resnet50,Edema,T2_2016,offset,auroc,0.8999070883821765,0.8424131857070961,-0.057493902675080366
resnet50,Edema,T3_2017,offset,brier_score,2.9973530057808595e-05,0.00011252058274472975,8.254705268692116e-05
resnet50,Edema,T3_2017,offset,log_loss,0.002177747962823422,0.002320493798251174,0.00014274583542775183
resnet50,Edema,T3_2017,offset,ece_equal_mass,0.0021624414364516216,0.0022404875617169214,7.804612526529989e-05
resnet50,Edema,T3_2017,offset,auroc,,,
resnet50,Edema,T1_2015,platt,brier_score,0.002124531081845124,0.025600363127655425,0.023475832045810302
resnet50,Edema,T1_2015,platt,log_loss,0.018035112064412495,0.08956028608528595,0.07152517402087345
resnet50,Edema,T1_2015,platt,ece_equal_mass,0.0027319213586598926,0.056323338068265075,0.05359141670960518
resnet50,Edema,T1_2015,platt,auroc,0.48841666666666667,0.49916666666666665,0.010749999999999982
resnet50,Edema,T2_2016,platt,brier_score,0.003244147675233942,0.02443846910801297,0.02119432143277903
resnet50,Edema,T2_2016,platt,log_loss,0.020862206487455175,0.08137378606502704,0.06051157957757187
resnet50,Edema,T2_2016,platt,ece_equal_mass,0.003608813845069272,0.04814355373044328,0.04453473988537401
resnet50,Edema,T2_2016,platt,auroc,0.8999070883821765,0.8424131857070961,-0.057493902675080366
resnet50,Edema,T3_2017,platt,brier_score,5.2857844572070505e-06,0.021614684872706097,0.02160939908824889
resnet50,Edema,T3_2017,platt,log_loss,0.0021562039734838293,0.06625881391454982,0.064102609941066
resnet50,Edema,T3_2017,platt,ece_equal_mass,0.0021535560288773324,0.04812196255522233,0.045968406526345
resnet50,Edema,T3_2017,platt,auroc,,,
resnet50,Pleural Effusion,T1_2015,raw,brier_score,0.036949850992402083,0.1196457799054595,0.08269592891305742
resnet50,Pleural Effusion,T1_2015,raw,log_loss,0.12764104511303173,0.38642713843457377,0.258786093321542
resnet50,Pleural Effusion,T1_2015,raw,ece_equal_mass,0.017416795911614505,0.2426767501785218,0.22525995426690731
resnet50,Pleural Effusion,T1_2015,raw,auroc,0.9330914481897628,0.8921284473953013,-0.04096300079446147
resnet50,Pleural Effusion,T2_2016,raw,brier_score,0.03605668644965421,0.13601734126277057,0.09996065481311636
resnet50,Pleural Effusion,T2_2016,raw,log_loss,0.1338519382917052,0.4275924924677436,0.2937405541760384
resnet50,Pleural Effusion,T2_2016,raw,ece_equal_mass,0.009339309610824532,0.2659428318427454,0.2566035222319209
resnet50,Pleural Effusion,T2_2016,raw,auroc,0.8808519432952236,0.8591939513916693,-0.02165799190355433
resnet50,Pleural Effusion,T3_2017,raw,brier_score,0.028043400889294134,0.13333284646293822,0.10528944557364409
resnet50,Pleural Effusion,T3_2017,raw,log_loss,0.11261556333495237,0.42191435497507174,0.30929879164011936
resnet50,Pleural Effusion,T3_2017,raw,ece_equal_mass,0.011598840273029695,0.2694672460827853,0.2578684058097556
resnet50,Pleural Effusion,T3_2017,raw,auroc,0.8639740285735731,0.8320526934721145,-0.03192133510145856
resnet50,Pleural Effusion,T1_2015,temperature,brier_score,0.03690803223053387,0.10021277478944848,0.0633047425589146
resnet50,Pleural Effusion,T1_2015,temperature,log_loss,0.12729644643909357,0.316076901695731,0.18878045525663742
resnet50,Pleural Effusion,T1_2015,temperature,ece_equal_mass,0.015336334109488299,0.16551494142117346,0.15017860731168517
resnet50,Pleural Effusion,T1_2015,temperature,auroc,0.9318940812620589,0.8917461128135286,-0.0401479684485303
resnet50,Pleural Effusion,T2_2016,temperature,brier_score,0.03601059159207542,0.12050774375944645,0.08449715216737103
resnet50,Pleural Effusion,T2_2016,temperature,log_loss,0.13283470800150315,0.3726203010317057,0.23978559303020253
resnet50,Pleural Effusion,T2_2016,temperature,ece_equal_mass,0.008562894306108154,0.1948366969576813,0.18627380265157314
resnet50,Pleural Effusion,T2_2016,temperature,auroc,0.8808519432952236,0.8591939513916693,-0.02165799190355433
resnet50,Pleural Effusion,T3_2017,temperature,brier_score,0.02807130576744298,0.11662645626483611,0.08855515049739314
resnet50,Pleural Effusion,T3_2017,temperature,log_loss,0.1118586128386764,0.3653577737453933,0.25349916090671687
resnet50,Pleural Effusion,T3_2017,temperature,ece_equal_mass,0.011816756549171022,0.19541297522876064,0.1835962186795896
resnet50,Pleural Effusion,T3_2017,temperature,auroc,0.8639740285735731,0.8319876398028373,-0.031986388770735785
resnet50,Pleural Effusion,T1_2015,offset,brier_score,0.03625648105530614,0.04103967134086915,0.00478319028556301
resnet50,Pleural Effusion,T1_2015,offset,log_loss,0.126302415196659,0.15088909602118528,0.02458668082452628
resnet50,Pleural Effusion,T1_2015,offset,ece_equal_mass,0.0115439659183607,0.02408790126382897,0.012543935345468271
resnet50,Pleural Effusion,T1_2015,offset,auroc,0.932376432868006,0.887427647259108,-0.04494878560889792
resnet50,Pleural Effusion,T2_2016,offset,brier_score,0.036788618905499955,0.03868536028492123,0.0018967413794212726
resnet50,Pleural Effusion,T2_2016,offset,log_loss,0.1351110212449309,0.14742952219511066,0.01231850095017975
resnet50,Pleural Effusion,T2_2016,offset,ece_equal_mass,0.01411078468987744,0.019862568582387403,0.005751783892509963
resnet50,Pleural Effusion,T2_2016,offset,auroc,0.8808519432952236,0.8591939513916693,-0.02165799190355433
resnet50,Pleural Effusion,T3_2017,offset,brier_score,0.02899805122233107,0.03156119358850711,0.0025631423661760418
resnet50,Pleural Effusion,T3_2017,offset,log_loss,0.11562135493316301,0.12957036590885165,0.013949010975688639
resnet50,Pleural Effusion,T3_2017,offset,ece_equal_mass,0.02003025455560402,0.02167868173568436,0.0016484271800803404
resnet50,Pleural Effusion,T3_2017,offset,auroc,0.8639740285735731,0.8320526934721145,-0.03192133510145856
resnet50,Pleural Effusion,T1_2015,platt,brier_score,0.036006893194375125,0.039488001621225156,0.003481108426850031
resnet50,Pleural Effusion,T1_2015,platt,log_loss,0.12427050267174113,0.14218293548431463,0.0179124328125735
resnet50,Pleural Effusion,T1_2015,platt,ece_equal_mass,0.005002388677319459,0.008356123496449257,0.0033537348191297976
resnet50,Pleural Effusion,T1_2015,platt,auroc,0.9313436329588014,0.8900791624106231,-0.04126447054817828
resnet50,Pleural Effusion,T2_2016,platt,brier_score,0.03805243340286483,0.03933601412459455,0.001283580721729724
resnet50,Pleural Effusion,T2_2016,platt,log_loss,0.13756109994859683,0.1447959102743259,0.007234810325729063
resnet50,Pleural Effusion,T2_2016,platt,ece_equal_mass,0.01790348758271995,0.017301506032889928,-0.0006019815498300232
resnet50,Pleural Effusion,T2_2016,platt,auroc,0.8808519432952236,0.8591939513916693,-0.02165799190355433
resnet50,Pleural Effusion,T3_2017,platt,brier_score,0.02982524579324465,0.032434472632380466,0.0026092268391358156
resnet50,Pleural Effusion,T3_2017,platt,log_loss,0.11697488874208828,0.12959875048305122,0.012623861740962944
resnet50,Pleural Effusion,T3_2017,platt,ece_equal_mass,0.02181257657850754,0.023391190022450534,0.001578613443942993
resnet50,Pleural Effusion,T3_2017,platt,auroc,0.8639740285735731,0.8320526934721145,-0.03192133510145856
resnet50,Pneumonia,T1_2015,raw,brier_score,0.024099972992347285,0.15747386825215395,0.13337389525980667
resnet50,Pneumonia,T1_2015,raw,log_loss,0.10138335767923018,0.4846505527807136,0.38326719510148344
resnet50,Pneumonia,T1_2015,raw,ece_equal_mass,0.01280276828183111,0.3089615937433591,0.29615882546152794
resnet50,Pneumonia,T1_2015,raw,auroc,0.8462493165664298,0.8406314926189173,-0.005617823947512424
resnet50,Pneumonia,T2_2016,raw,brier_score,0.018552005798074585,0.1583212753317624,0.13976926953368782
resnet50,Pneumonia,T2_2016,raw,log_loss,0.07961050555132329,0.48370191309472715,0.4040914075434039
resnet50,Pneumonia,T2_2016,raw,ece_equal_mass,0.009189853964926898,0.3148584303874993,0.3056685764225724
resnet50,Pneumonia,T2_2016,raw,auroc,0.8688700879727401,0.8464161473381444,-0.022453940634595715
resnet50,Pneumonia,T3_2017,raw,brier_score,0.018977133203556998,0.1592599463976055,0.1402828131940485
resnet50,Pneumonia,T3_2017,raw,log_loss,0.07992378696008225,0.48736937346752435,0.4074455865074421
resnet50,Pneumonia,T3_2017,raw,ece_equal_mass,0.010512996994841494,0.3145304050579967,0.3040174080631552
resnet50,Pneumonia,T3_2017,raw,auroc,0.8830930427493713,0.8377986169321039,-0.04529442581726739
resnet50,Pneumonia,T1_2015,temperature,brier_score,0.0238267111977424,0.15449117459649503,0.13066446339875262
resnet50,Pneumonia,T1_2015,temperature,log_loss,0.09904495858743126,0.47508027473766723,0.376035316150236
resnet50,Pneumonia,T1_2015,temperature,ece_equal_mass,0.010266479452291649,0.2946702303057585,0.28440375085346686
resnet50,Pneumonia,T1_2015,temperature,auroc,0.8392154182613449,0.840494805904866,0.0012793876435210905
resnet50,Pneumonia,T2_2016,temperature,brier_score,0.018396356175284293,0.1547084389888601,0.13631208281357582
resnet50,Pneumonia,T2_2016,temperature,log_loss,0.07914733724513132,0.47123030796464793,0.3920829707195166
resnet50,Pneumonia,T2_2016,temperature,ece_equal_mass,0.008278736185554483,0.3001855639024803,0.29190682771692583
resnet50,Pneumonia,T2_2016,temperature,auroc,0.868868873327028,0.8464161473381444,-0.022452725988883593
resnet50,Pneumonia,T3_2017,temperature,brier_score,0.018784824805936153,0.155671036952425,0.13688621214648886
resnet50,Pneumonia,T3_2017,temperature,log_loss,0.07933399963780591,0.4751527235969871,0.3958187239591812
resnet50,Pneumonia,T3_2017,temperature,ece_equal_mass,0.009424652954565252,0.3001351637919199,0.29071051083735466
resnet50,Pneumonia,T3_2017,temperature,auroc,0.8830930427493713,0.8377986169321039,-0.04529442581726739
resnet50,Pneumonia,T1_2015,offset,brier_score,0.02381029991832545,0.02371671746643406,-9.358245189139067e-05
resnet50,Pneumonia,T1_2015,offset,log_loss,0.09865680878457331,0.09988943464025488,0.0012326258556815683
resnet50,Pneumonia,T1_2015,offset,ece_equal_mass,0.007232495867526875,0.010134361954352931,0.0029018660868260562
resnet50,Pneumonia,T1_2015,offset,auroc,0.840784581738655,0.8325888463641334,-0.008195735374521562
resnet50,Pneumonia,T2_2016,offset,brier_score,0.018422282488942204,0.018574921585088486,0.00015263909614628146
resnet50,Pneumonia,T2_2016,offset,log_loss,0.07859166876678315,0.08166753119443831,0.00307586242765516
resnet50,Pneumonia,T2_2016,offset,ece_equal_mass,0.007228473783130686,0.00799582571292061,0.0007673519297899233
resnet50,Pneumonia,T2_2016,offset,auroc,0.868868873327028,0.8464161473381444,-0.022452725988883593
resnet50,Pneumonia,T3_2017,offset,brier_score,0.01873823108128905,0.019306435334396285,0.0005682042531072358
resnet50,Pneumonia,T3_2017,offset,log_loss,0.07853360268344019,0.08476181074259583,0.006228208059155638
resnet50,Pneumonia,T3_2017,offset,ece_equal_mass,0.007669253268829833,0.010183318974140158,0.0025140657053103243
resnet50,Pneumonia,T3_2017,offset,auroc,0.8830930427493713,0.8377986169321039,-0.04529442581726739
resnet50,Pneumonia,T1_2015,platt,brier_score,0.02400566781411173,0.02389562156177864,-0.00011004625233309098
resnet50,Pneumonia,T1_2015,platt,log_loss,0.09922191370642817,0.09981946676386609,0.0005975530574379162
resnet50,Pneumonia,T1_2015,platt,ece_equal_mass,0.006064895627075931,0.007639546580957531,0.0015746509538816
resnet50,Pneumonia,T1_2015,platt,auroc,0.8368507381082558,0.8266429743028978,-0.010207763805358039
resnet50,Pneumonia,T2_2016,platt,brier_score,0.018420211759647004,0.018566928467238127,0.0001467167075911227
resnet50,Pneumonia,T2_2016,platt,log_loss,0.07807499257720049,0.08092943884153207,0.002854446264331581
resnet50,Pneumonia,T2_2016,platt,ece_equal_mass,0.0064789558591665,0.006613033712452435,0.00013407785328593477
resnet50,Pneumonia,T2_2016,platt,auroc,0.868868873327028,0.8464161473381444,-0.022452725988883593
resnet50,Pneumonia,T3_2017,platt,brier_score,0.018712225466601937,0.019329605631758038,0.0006173801651561013
resnet50,Pneumonia,T3_2017,platt,log_loss,0.07807344882594669,0.08426459371591308,0.006191144889966388
resnet50,Pneumonia,T3_2017,platt,ece_equal_mass,0.006985001810068286,0.009823448072313246,0.00283844626224496
resnet50,Pneumonia,T3_2017,platt,auroc,0.8830930427493713,0.8377986169321039,-0.04529442581726739
