architecture,loss_type,seed,target,temporal_bin,calibration_method,comparison,brier_raw,brier_calibrated,delta_brier,brier_diff_ci_lower,brier_diff_ci_upper,log_loss_raw,log_loss_calibrated,delta_log_loss,log_loss_diff_ci_lower,log_loss_diff_ci_upper
densenet121,unweighted_bce,ensemble,Cardiomegaly,T1_2015,temperature,temperature_vs_raw,0.050713718270055046,0.05068899826569876,-2.4720004356285075e-05,-0.0002340037811141949,0.00016140911537874497,0.17031344218568337,0.1700263303414258,-0.0002871118442575593,-0.001138007735392037,0.00047684838196660156
densenet121,unweighted_bce,ensemble,Cardiomegaly,T1_2015,offset,offset_vs_raw,0.050713718270055046,0.05088189061396512,0.00016817234391007518,-0.00013418949471988615,0.00048817263477224035,0.17031344218568337,0.17038700290548703,7.356071980366141e-05,-0.0008180375242999964,0.000991603137746893
densenet121,unweighted_bce,ensemble,Cardiomegaly,T1_2015,platt,platt_vs_raw,0.050713718270055046,0.051277836915028435,0.0005641186449733895,7.452357967584902e-05,0.0010582799816783142,0.17031344218568337,0.17135099704547702,0.001037554859793649,-0.00021502817634399158,0.002281831838870096
densenet121,unweighted_bce,ensemble,Cardiomegaly,T2_2016,temperature,temperature_vs_raw,0.06495181204788102,0.06491537394814109,-3.64380997399244e-05,-0.00019273834029090136,0.00010975014373845134,0.21425787097960708,0.21314134042411478,-0.0011165305554922955,-0.0019768947654342965,-0.00035589856298846563
densenet121,unweighted_bce,ensemble,Cardiomegaly,T2_2016,offset,offset_vs_raw,0.06495181204788102,0.0647109711110375,-0.0002408409368435116,-0.0003654350466834949,-0.00011683202804979603,0.21425787097960708,0.2133596493718364,-0.0008982216077706717,-0.0013383332008066265,-0.0004968696837525067
densenet121,unweighted_bce,ensemble,Cardiomegaly,T2_2016,platt,platt_vs_raw,0.06495181204788102,0.0650070896271848,5.527757930377797e-05,-0.00011573046511227606,0.000224436510906037,0.21425787097960708,0.21337215212307228,-0.0008857188565347951,-0.0017358759159158512,-0.00014494216974643515
densenet121,unweighted_bce,ensemble,Cardiomegaly,T3_2017,temperature,temperature_vs_raw,0.06477182101593369,0.06470310154496112,-6.871947097257525e-05,-0.0002450985812102181,0.00010077786476407331,0.21032080474749962,0.20926246672096374,-0.0010583380265358766,-0.0018906967630511933,-0.00031532486983739706
densenet121,unweighted_bce,ensemble,Cardiomegaly,T3_2017,offset,offset_vs_raw,0.06477182101593369,0.06446095863873665,-0.00031086237719704646,-0.0004964977521017219,-0.0001302648194921442,0.21032080474749962,0.2090521331641114,-0.0012686715833882256,-0.0019016024852992982,-0.000655388728819155
densenet121,unweighted_bce,ensemble,Cardiomegaly,T3_2017,platt,platt_vs_raw,0.06477182101593369,0.06485005538475971,7.823436882602175e-05,-0.0001213361163202085,0.00027797365926494726,0.21032080474749962,0.20966501867608694,-0.0006557860714126729,-0.001481295664942395,9.10521993328402e-05
densenet121,unweighted_bce,ensemble,Edema,T1_2015,temperature,temperature_vs_raw,0.002123721393937261,0.0021265362502087006,2.8148562714394587e-06,-1.285697634437186e-06,9.250110139589389e-06,0.015210251005544592,0.016065311653206512,0.0008550606476619201,-0.0006317489430923377,0.0036921271241093408
densenet121,unweighted_bce,ensemble,Edema,T1_2015,offset,offset_vs_raw,0.002123721393937261,0.002129431681782805,5.710287845543758e-06,-1.7789064153500236e-06,1.7301681782520985e-05,0.015210251005544592,0.016172701801110672,0.0009624507955660801,-0.0008136595407129323,0.0039445324700594
densenet121,unweighted_bce,ensemble,Edema,T1_2015,platt,platt_vs_raw,0.002123721393937261,0.0021276544239103353,3.933029973074171e-06,-3.7823341082003007e-06,1.5154112018294825e-05,0.015210251005544592,0.01668118623610449,0.001470935230559899,-0.0007788503385640123,0.005444985130781525
densenet121,unweighted_bce,ensemble,Edema,T2_2016,temperature,temperature_vs_raw,0.003235093327212105,0.003228495038515743,-6.598288696361976e-06,-1.442937182277853e-05,-1.1389495269416703e-06,0.020033821964705788,0.019193853093469233,-0.0008399688712365551,-0.0013270534566232977,-0.00043727827769068906
densenet121,unweighted_bce,ensemble,Edema,T2_2016,offset,offset_vs_raw,0.003235093327212105,0.003227177191358163,-7.916135853941984e-06,-1.8524324333717195e-05,-3.721962170319622e-07,0.020033821964705788,0.019070078750997126,-0.0009637432137086614,-0.0015985306185080088,-0.00042020925398554554
densenet121,unweighted_bce,ensemble,Edema,T2_2016,platt,platt_vs_raw,0.003235093327212105,0.0032433811079036366,8.287780691531438e-06,-1.4784634472869775e-06,2.107524247086391e-05,0.020033821964705788,0.020712031748741935,0.0006782097840361476,-0.00031967571159257187,0.0019487281234860422
densenet121,unweighted_bce,ensemble,Edema,T3_2017,temperature,temperature_vs_raw,1.0052765195500289e-05,8.816181596371222e-06,-1.2365835991290663e-06,-1.789152826109703e-06,-5.997360791338239e-07,0.002890833202870866,0.0023243219259391707,-0.0005665112769316955,-0.0006106401809040646,-0.0005143583237209482
densenet121,unweighted_bce,ensemble,Edema,T3_2017,offset,offset_vs_raw,1.0052765195500289e-05,8.640183961585774e-06,-1.412581233914515e-06,-2.195568470839835e-06,-5.38511141138158e-07,0.002890833202870866,0.0021803071135090123,-0.0007105260893618538,-0.0007654283685475557,-0.0006448587827259093
densenet121,unweighted_bce,ensemble,Edema,T3_2017,platt,platt_vs_raw,1.0052765195500289e-05,5.158039532968945e-06,-4.894725662531344e-06,-5.5265499049144704e-06,-4.329674151905991e-06,0.002890833202870866,0.0021681902029070054,-0.0007226429999638607,-0.000773227496881763,-0.0006766368133506092
densenet121,unweighted_bce,ensemble,Pleural Effusion,T1_2015,temperature,temperature_vs_raw,0.03555694945618418,0.03504878753913469,-0.000508161917049485,-0.000995505808151563,-3.475974422467896e-05,0.12361148060565783,0.1230913741098985,-0.0005201064957593288,-0.0036712576222840392,0.0025131414635568504
densenet121,unweighted_bce,ensemble,Pleural Effusion,T1_2015,offset,offset_vs_raw,0.03555694945618418,0.03333535184200217,-0.0022215976141820096,-0.004195568413684591,-0.00037424268536743224,0.12361148060565783,0.11898786056633069,-0.004623620039327134,-0.0109270922143607,0.001533870632707281
densenet121,unweighted_bce,ensemble,Pleural Effusion,T1_2015,platt,platt_vs_raw,0.03555694945618418,0.03326237761659836,-0.0022945718395858197,-0.005091451275586234,0.0005066507765013902,0.12361148060565783,0.11686205438348676,-0.006749426222171062,-0.014398664900353303,0.0009777248292498842
densenet121,unweighted_bce,ensemble,Pleural Effusion,T2_2016,temperature,temperature_vs_raw,0.03412156913691426,0.033904885533005226,-0.00021668360390903613,-0.0006413500712742681,0.00016362399920691112,0.1254397840245094,0.1252815583377626,-0.0001582256867467824,-0.003254002796013687,0.002584973166035168
densenet121,unweighted_bce,ensemble,Pleural Effusion,T2_2016,offset,offset_vs_raw,0.03412156913691426,0.03429756607490748,0.00017599693799321553,-0.0012139307365738232,0.0016736664674609964,0.1254397840245094,0.12620253070507778,0.000762746680568388,-0.004721628865386126,0.0060742412659986434
densenet121,unweighted_bce,ensemble,Pleural Effusion,T2_2016,platt,platt_vs_raw,0.03412156913691426,0.03554517298202319,0.0014236038451089297,-0.0005400254920452457,0.0036829989278301463,0.1254397840245094,0.12765819682256369,0.0022184127980542923,-0.0037751536355925667,0.008469987275267217
densenet121,unweighted_bce,ensemble,Pleural Effusion,T3_2017,temperature,temperature_vs_raw,0.02676743067172039,0.026840186877038246,7.275620531785668e-05,-0.0002617860283762793,0.00037323137613594413,0.10535752749713272,0.1065895514194171,0.0012320239222843865,-0.0018704565929676814,0.0038595293490835693
densenet121,unweighted_bce,ensemble,Pleural Effusion,T3_2017,offset,offset_vs_raw,0.02676743067172039,0.027435618513213286,0.0006681878414928968,-0.0005711568017599804,0.0018065341482292941,0.10535752749713272,0.10891624690919913,0.0035587194120664106,-0.0011760694817181257,0.007773320372547336
densenet121,unweighted_bce,ensemble,Pleural Effusion,T3_2017,platt,platt_vs_raw,0.02676743067172039,0.02848307461715356,0.001715643945433172,-1.5524746720489003e-05,0.0033968809943582447,0.10535752749713272,0.11024403770018824,0.004886510203055527,-0.00023228446558514536,0.009680655968372767
densenet121,unweighted_bce,ensemble,Pneumonia,T1_2015,temperature,temperature_vs_raw,0.02327896738839484,0.02288353292043657,-0.0003954344679582729,-0.0009278090619882996,7.693386923550935e-05,0.0958865444103405,0.09425573007498153,-0.001630814335358971,-0.006674948734679599,0.002667169419655265
densenet121,unweighted_bce,ensemble,Pneumonia,T1_2015,offset,offset_vs_raw,0.02327896738839484,0.022575609734331092,-0.0007033576540637493,-0.001941841172750123,0.00033964724671861006,0.0958865444103405,0.09306055604566688,-0.002825988364673626,-0.009253694610800911,0.002820289158067073
densenet121,unweighted_bce,ensemble,Pneumonia,T1_2015,platt,platt_vs_raw,0.02327896738839484,0.022936082158555898,-0.0003428852298389441,-0.0016237003324060223,0.0008100577428744084,0.0958865444103405,0.09433233797893766,-0.0015542064314028464,-0.007851641726838249,0.004043057457531805
densenet121,unweighted_bce,ensemble,Pneumonia,T2_2016,temperature,temperature_vs_raw,0.01805271375344483,0.017856757177197983,-0.00019595657624684598,-0.0004971178809487578,7.632849189822725e-05,0.07540420469854096,0.07579511600892784,0.00039091131038687665,-0.002787324768612692,0.0031364431320033068
densenet121,unweighted_bce,ensemble,Pneumonia,T2_2016,offset,offset_vs_raw,0.01805271375344483,0.01784218795872819,-0.00021052579471663932,-0.0008241091075410235,0.0003541515825502618,0.07540420469854096,0.07511241932737688,-0.0002917853711640883,-0.004185688518176753,0.0032584797366405345
densenet121,unweighted_bce,ensemble,Pneumonia,T2_2016,platt,platt_vs_raw,0.01805271375344483,0.01792882797404133,-0.00012388577940349726,-0.000829147660905194,0.00052753981545268,0.07540420469854096,0.07439758600346379,-0.0010066186950771772,-0.0050374230256466064,0.0027452084638675046
densenet121,unweighted_bce,ensemble,Pneumonia,T3_2017,temperature,temperature_vs_raw,0.018490024663792876,0.01827214149024907,-0.00021788317354380637,-0.0005673180263495127,0.00010052318006922246,0.0782174200908445,0.07814135197241022,-7.606811843427486e-05,-0.003831578544236658,0.0032616223427949895
densenet121,unweighted_bce,ensemble,Pneumonia,T3_2017,offset,offset_vs_raw,0.018490024663792876,0.018124601029557603,-0.0003654236342352721,-0.0011788555659163283,0.00034959533520382115,0.0782174200908445,0.07727077038991126,-0.0009466497009332359,-0.00555501960696862,0.003157278103722909
densenet121,unweighted_bce,ensemble,Pneumonia,T3_2017,platt,platt_vs_raw,0.018490024663792876,0.018278890335737437,-0.0002111343280554387,-0.0010909274486700165,0.0005829964723574032,0.0782174200908445,0.07722836044121054,-0.0009890596496339582,-0.005626321528110715,0.0031121841508241865
densenet121,weighted_bce,ensemble,Cardiomegaly,T1_2015,temperature,temperature_vs_raw,0.11248220313914294,0.11299444913834612,0.0005122459992031869,0.00015947827110701299,0.000858336176123136,0.36442634234805077,0.36564002714080573,0.0012136847927549654,-4.807237960496072e-05,0.0025972589022857117
densenet121,weighted_bce,ensemble,Cardiomegaly,T1_2015,offset,offset_vs_raw,0.11248220313914294,0.05397779832765634,-0.058504404811486596,-0.07162092436274951,-0.04657672679304757,0.36442634234805077,0.18423863903378396,-0.1801877033142668,-0.21426772988332973,-0.14916212384659588
densenet121,weighted_bce,ensemble,Cardiomegaly,T1_2015,platt,platt_vs_raw,0.11248220313914294,0.054497947948092845,-0.05798425519105009,-0.07170373140807469,-0.04567066506359536,0.36442634234805077,0.18653563457430186,-0.1778907077737489,-0.21252654918054292,-0.1464955974618119
densenet121,weighted_bce,ensemble,Cardiomegaly,T1_2015,analytic_weight,analytic_weight_vs_raw,0.11248220313914294,0.05375010224381683,-0.05873210089532611,-0.07177093370560667,-0.04703807626040244,0.36442634234805077,0.18433656403347873,-0.18008977831457204,-0.21351602255060564,-0.14948030500670367
densenet121,weighted_bce,ensemble,Cardiomegaly,T2_2016,temperature,temperature_vs_raw,0.1214188716710477,0.12172007416668609,0.00030120249563839185,0.00015771575994014134,0.000452237271164768,0.38665070385810907,0.38655142457338415,-9.927928472491798e-05,-0.00044195558449012953,0.00027127214115398637
densenet121,weighted_bce,ensemble,Cardiomegaly,T2_2016,offset,offset_vs_raw,0.1214188716710477,0.06848798829626183,-0.05293088337478587,-0.0624887536375716,-0.04363463028116732,0.38665070385810907,0.22610533269086996,-0.1605453711672391,-0.1853690550928667,-0.13563476729129295
densenet121,weighted_bce,ensemble,Cardiomegaly,T2_2016,platt,platt_vs_raw,0.1214188716710477,0.06905091360853464,-0.052367958062513056,-0.06211975662429172,-0.04292184570297128,0.38665070385810907,0.22805326226693554,-0.15859744159117353,-0.18358030964391156,-0.13371758524482596
densenet121,weighted_bce,ensemble,Cardiomegaly,T2_2016,analytic_weight,analytic_weight_vs_raw,0.1214188716710477,0.0683973609560967,-0.053021510714950995,-0.06249186166585702,-0.043821140444065786,0.38665070385810907,0.22621199937992661,-0.16043870447818245,-0.18494808775897348,-0.1358716101934819
densenet121,weighted_bce,ensemble,Cardiomegaly,T3_2017,temperature,temperature_vs_raw,0.121857462072773,0.12223244137416046,0.00037497930138746804,0.00019694873117854248,0.0005412858314378026,0.38786354555977376,0.3879900926007138,0.00012654704094006153,-0.00029029342781863616,0.0005442898836376471
densenet121,weighted_bce,ensemble,Cardiomegaly,T3_2017,offset,offset_vs_raw,0.121857462072773,0.07003809370438634,-0.05181936836838666,-0.06372665927120903,-0.04007848363287592,0.38786354555977376,0.23274708119026113,-0.15511646436951262,-0.18576517809492765,-0.12407124911207583
densenet121,weighted_bce,ensemble,Cardiomegaly,T3_2017,platt,platt_vs_raw,0.121857462072773,0.070248482623108,-0.051608979449665,-0.06381097755848306,-0.039603040438213104,0.38786354555977376,0.23318029382326064,-0.15468325173651312,-0.18538895190921534,-0.12397210340207108
densenet121,weighted_bce,ensemble,Cardiomegaly,T3_2017,analytic_weight,analytic_weight_vs_raw,0.121857462072773,0.07000394368512586,-0.05185351838764714,-0.06364499107914626,-0.04018738429100066,0.38786354555977376,0.23306569386233408,-0.15479785169743968,-0.1849461529773775,-0.12427223608045943
densenet121,weighted_bce,ensemble,Edema,T1_2015,temperature,temperature_vs_raw,0.038297537728660826,0.03791573943955679,-0.000381798289104035,-0.0005887854201471598,-0.00019499445040047143,0.15826828159788262,0.1602938376960411,0.002025556098158493,0.0012617453855708204,0.0027030093725284774
densenet121,weighted_bce,ensemble,Edema,T1_2015,offset,offset_vs_raw,0.038297537728660826,0.002334216603742197,-0.03596332112491863,-0.04442450522240076,-0.02871318052977819,0.15826828159788262,0.018902870608558393,-0.13936541098932423,-0.16564032986162044,-0.1133352524358962
densenet121,weighted_bce,ensemble,Edema,T1_2015,platt,platt_vs_raw,0.038297537728660826,0.011102986662191679,-0.027194551066469147,-0.03555750562363326,-0.02055528559421312,0.15826828159788262,0.05002399208754382,-0.10824428951033879,-0.13210126932099348,-0.08744027914149267
densenet121,weighted_bce,ensemble,Edema,T1_2015,analytic_weight,analytic_weight_vs_raw,0.038297537728660826,0.0021325869491137283,-0.036164950779547095,-0.0447691425605479,-0.028779989658563373,0.15826828159788262,0.017954682297008747,-0.14031359930087386,-0.16783767243928183,-0.1129114919921656
densenet121,weighted_bce,ensemble,Edema,T2_2016,temperature,temperature_vs_raw,0.040465353493799865,0.03980228471094906,-0.0006630687828508078,-0.0008242053077200431,-0.0005017348892680879,0.16637484803989885,0.16769714075127432,0.0013222927113754612,0.0008876378752555259,0.0017390537274019201
densenet121,weighted_bce,ensemble,Edema,T2_2016,offset,offset_vs_raw,0.040465353493799865,0.0031729320722287025,-0.03729242142157116,-0.042650969905887785,-0.03224329673210459,0.16637484803989885,0.018988463187768475,-0.14738638485213038,-0.1652371766369696,-0.12976995388224474
densenet121,weighted_bce,ensemble,Edema,T2_2016,platt,platt_vs_raw,0.040465353493799865,0.003234484304312369,-0.037230869189487495,-0.042600834215764126,-0.032035543904328355,0.16637484803989885,0.019904260927972216,-0.14647058711192665,-0.16448530126711927,-0.1286975565090483
densenet121,weighted_bce,ensemble,Edema,T2_2016,analytic_weight,analytic_weight_vs_raw,0.040465353493799865,0.003219268320277466,-0.037246085173522396,-0.04260248730991668,-0.03205385986886849,0.16637484803989885,0.021980184201730722,-0.14439466383816812,-0.16502350689003947,-0.12353277255101473
densenet121,weighted_bce,ensemble,Edema,T3_2017,temperature,temperature_vs_raw,0.037833331414553854,0.037084109694694604,-0.0007492217198592499,-0.0009543436184135788,-0.0005583607340441489,0.1578775606951863,0.15900994656711093,0.0011323858719246294,0.0005956966019422492,0.0016235634194648925
densenet121,weighted_bce,ensemble,Edema,T3_2017,offset,offset_vs_raw,0.037833331414553854,4.956353657887449e-05,-0.03778376787797498,-0.04423252440412484,-0.0320281764004242,0.1578775606951863,0.0015922876763039043,-0.1562852730188824,-0.1728154799037354,-0.14131960813909422
densenet121,weighted_bce,ensemble,Edema,T3_2017,platt,platt_vs_raw,0.037833331414553854,6.164731884171591e-06,-0.03782716668266968,-0.04433187948227568,-0.03207657233372941,0.1578775606951863,0.002204345339193946,-0.15567321535599235,-0.17252832740733834,-0.14043661962150786
densenet121,weighted_bce,ensemble,Edema,T3_2017,analytic_weight,analytic_weight_vs_raw,0.037833331414553854,3.873141488185132e-06,-0.03782945827306567,-0.044331976752903846,-0.03207927184894994,0.1578775606951863,0.0005498674566823634,-0.15732769323850393,-0.17420246087387278,-0.14212405702596156
densenet121,weighted_bce,ensemble,Pleural Effusion,T1_2015,temperature,temperature_vs_raw,0.09204396362495829,0.09107673122932744,-0.000967232395630846,-0.0012773655930755651,-0.0006391423130012193,0.31887402050643904,0.3160858267169038,-0.002788193789535265,-0.0038384661326008817,-0.0016085886224166753
densenet121,weighted_bce,ensemble,Pleural Effusion,T1_2015,offset,offset_vs_raw,0.09204396362495829,0.03542302794258692,-0.056620935682371365,-0.06820513535309901,-0.04519153192743222,0.31887402050643904,0.12548933435263482,-0.19338468615380422,-0.2250385907416818,-0.1627409028881343
densenet121,weighted_bce,ensemble,Pleural Effusion,T1_2015,platt,platt_vs_raw,0.09204396362495829,0.03566888202094342,-0.056375081604014866,-0.06836955610853478,-0.044507152167592476,0.31887402050643904,0.127648709856986,-0.19122531064945303,-0.22313624372396032,-0.1597025891311446
densenet121,weighted_bce,ensemble,Pleural Effusion,T1_2015,analytic_weight,analytic_weight_vs_raw,0.09204396362495829,0.035931253886652297,-0.05611270973830599,-0.06806642059421274,-0.04417906426175765,0.31887402050643904,0.12681023644247405,-0.192063784063965,-0.22578345075607978,-0.15919248739308903
densenet121,weighted_bce,ensemble,Pleural Effusion,T2_2016,temperature,temperature_vs_raw,0.1110711685383671,0.11003450665761037,-0.0010366618807567257,-0.0012590437060916969,-0.0008242701608724509,0.36713358155446196,0.36438808462207717,-0.0027454969323847944,-0.003431063579797198,-0.002084531932212335
densenet121,weighted_bce,ensemble,Pleural Effusion,T2_2016,offset,offset_vs_raw,0.1110711685383671,0.03518117054059009,-0.07588999799777701,-0.0855457273163046,-0.06654539119089654,0.36713358155446196,0.1293335317784309,-0.23780004977603106,-0.2635990779758059,-0.21244211938412547
densenet121,weighted_bce,ensemble,Pleural Effusion,T2_2016,platt,platt_vs_raw,0.1110711685383671,0.03445178670519738,-0.07661938183316971,-0.08673724689402894,-0.0669352621982322,0.36713358155446196,0.12893195738862628,-0.23820162416583568,-0.26454211978094966,-0.2125688935044083
densenet121,weighted_bce,ensemble,Pleural Effusion,T2_2016,analytic_weight,analytic_weight_vs_raw,0.1110711685383671,0.034845537958434376,-0.07622563057993273,-0.0864795273991393,-0.06637246469817804,0.36713358155446196,0.12872007657014398,-0.238413504984318,-0.26604512369090294,-0.21113235746903375
densenet121,weighted_bce,ensemble,Pleural Effusion,T3_2017,temperature,temperature_vs_raw,0.10787237001541318,0.1067386255932643,-0.0011337444221488774,-0.0013909816800649413,-0.000869545111044708,0.35715873363970013,0.3539749233093686,-0.003183810330331549,-0.003950501561107116,-0.0024018769426318604
densenet121,weighted_bce,ensemble,Pleural Effusion,T3_2017,offset,offset_vs_raw,0.10787237001541318,0.028858674196625918,-0.07901369581878726,-0.08852370319415799,-0.06958420413365482,0.35715873363970013,0.1148051412112638,-0.24235359242843635,-0.26793508646077424,-0.21632357070338126
densenet121,weighted_bce,ensemble,Pleural Effusion,T3_2017,platt,platt_vs_raw,0.10787237001541318,0.02811589343379199,-0.07975647658162119,-0.08940396089159823,-0.07019651070717933,0.35715873363970013,0.11360732745168006,-0.24355140618802007,-0.26870323439342264,-0.217961597605792
densenet121,weighted_bce,ensemble,Pleural Effusion,T3_2017,analytic_weight,analytic_weight_vs_raw,0.10787237001541318,0.028410847524386853,-0.07946152249102632,-0.0893340042168365,-0.06967262295881549,0.35715873363970013,0.11339571658588365,-0.24376301705381648,-0.2707997517471085,-0.2157892422746798
densenet121,weighted_bce,ensemble,Pneumonia,T1_2015,temperature,temperature_vs_raw,0.11213256071791942,0.10687740314165478,-0.0052551575762646435,-0.006315044980604764,-0.004221622353623604,0.37394497849178626,0.3615829236436925,-0.012362054848093773,-0.015056866471629047,-0.009759864512161699
densenet121,weighted_bce,ensemble,Pneumonia,T1_2015,offset,offset_vs_raw,0.11213256071791942,0.02281282493818297,-0.08931973577973645,-0.1031560222311652,-0.07569398774048951,0.37394497849178626,0.09637743889702399,-0.27756753959476227,-0.31725066412361913,-0.23836640781963142
densenet121,weighted_bce,ensemble,Pneumonia,T1_2015,platt,platt_vs_raw,0.11213256071791942,0.02350655330957994,-0.08862600740833948,-0.10299867460050273,-0.07441964681059703,0.37394497849178626,0.09861084788267134,-0.27533413060911494,-0.31568687400746837,-0.23583963885670403
densenet121,weighted_bce,ensemble,Pneumonia,T1_2015,analytic_weight,analytic_weight_vs_raw,0.11213256071791942,0.022627271098260033,-0.0895052896196594,-0.10370969453341725,-0.07536744832587704,0.37394497849178626,0.09669224789663106,-0.2772527305951552,-0.31942586090677966,-0.23519117246351287
densenet121,weighted_bce,ensemble,Pneumonia,T2_2016,temperature,temperature_vs_raw,0.11119890933589646,0.10568487388556311,-0.005514035450333354,-0.0063552142581600165,-0.004730342950628019,0.3716046144017242,0.3585746618381557,-0.013029952563568536,-0.015054304092097709,-0.011133460983821071
densenet121,weighted_bce,ensemble,Pneumonia,T2_2016,offset,offset_vs_raw,0.11119890933589646,0.01853816507089383,-0.09266074426500263,-0.10211246398442478,-0.08426821476110048,0.3716046144017242,0.07647437897304754,-0.29513023542867667,-0.31992410492700285,-0.2712221547272093
densenet121,weighted_bce,ensemble,Pneumonia,T2_2016,platt,platt_vs_raw,0.11119890933589646,0.018249904178003613,-0.09294900515789285,-0.10258772505750599,-0.08431845167173843,0.3716046144017242,0.07767219182352979,-0.2939324225781944,-0.318876179928918,-0.27009152902310923
densenet121,weighted_bce,ensemble,Pneumonia,T2_2016,analytic_weight,analytic_weight_vs_raw,0.11119890933589646,0.018230824374456327,-0.09296808496144013,-0.10261036971461544,-0.08433688398436028,0.3716046144017242,0.07561967766869467,-0.29598493673302956,-0.32228514011508386,-0.270661618827573
densenet121,weighted_bce,ensemble,Pneumonia,T3_2017,temperature,temperature_vs_raw,0.11050119932432767,0.10543862241809902,-0.005062576906228647,-0.006037980261674906,-0.004069878107741904,0.36857761124609856,0.35689519998109104,-0.01168241126500752,-0.01395011572153167,-0.009350933658253872
densenet121,weighted_bce,ensemble,Pneumonia,T3_2017,offset,offset_vs_raw,0.11050119932432767,0.01842628635960865,-0.09207491296471902,-0.10359716893073259,-0.08111072787135218,0.36857761124609856,0.0780081063408024,-0.29056950490529615,-0.3191828875947473,-0.26123580983665895
densenet121,weighted_bce,ensemble,Pneumonia,T3_2017,platt,platt_vs_raw,0.11050119932432767,0.018249314331397166,-0.09225188499293051,-0.10405021953690756,-0.08107950705948133,0.36857761124609856,0.07855477494459336,-0.2900228363015052,-0.3197231421305481,-0.2604020805340006
densenet121,weighted_bce,ensemble,Pneumonia,T3_2017,analytic_weight,analytic_weight_vs_raw,0.11050119932432767,0.018261562427261457,-0.09223963689706621,-0.1039807757672031,-0.080953419678197,0.36857761124609856,0.07722265865765532,-0.29135495258844324,-0.3212936847135865,-0.26139388968230204
resnet50,unweighted_bce,ensemble,Cardiomegaly,T1_2015,temperature,temperature_vs_raw,0.053822840434577746,0.053391404200592935,-0.000431436233984811,-0.0010256358895795068,0.0001586164887710276,0.1862008206921191,0.180427678142927,-0.00577314254919209,-0.008958842725681173,-0.0025132761879434373
resnet50,unweighted_bce,ensemble,Cardiomegaly,T1_2015,offset,offset_vs_raw,0.053822840434577746,0.05395827952151838,0.00013543908694063633,-0.0015808528360751531,0.0019129101417352185,0.1862008206921191,0.18221614474991557,-0.0039846759422035305,-0.00894343806640345,0.0009465098843246949
resnet50,unweighted_bce,ensemble,Cardiomegaly,T1_2015,platt,platt_vs_raw,0.053822840434577746,0.054449509898047595,0.0006266694634698491,-0.001135465215896382,0.002460339556471718,0.1862008206921191,0.18285041742508581,-0.003350403267033286,-0.00842551387383033,0.0016958870774509865
resnet50,unweighted_bce,ensemble,Cardiomegaly,T2_2016,temperature,temperature_vs_raw,0.06716119458032166,0.06725355885244609,9.236427212443166e-05,-0.00037883466279574313,0.0005540499388766011,0.22556578166480368,0.22242612721954447,-0.00313965444525921,-0.005661239110457716,-0.0005832233985136651
resnet50,unweighted_bce,ensemble,Cardiomegaly,T2_2016,offset,offset_vs_raw,0.06716119458032166,0.06864277178821367,0.001481577207892007,0.0002633662056600343,0.002753281360437242,0.22556578166480368,0.226231433122947,0.0006656514581433182,-0.002937603615826268,0.004359487957806506
resnet50,unweighted_bce,ensemble,Cardiomegaly,T2_2016,platt,platt_vs_raw,0.06716119458032166,0.06867606051270109,0.0015148659323794278,0.00043388216827711036,0.0026678348054989943,0.22556578166480368,0.22569995543401766,0.0001341737692139855,-0.0033590731708326056,0.0037096452531911483
resnet50,unweighted_bce,ensemble,Cardiomegaly,T3_2017,temperature,temperature_vs_raw,0.06724905011527696,0.06742038160112473,0.00017133148584777547,-0.0004206323711991177,0.0007538949357161211,0.2242181838694818,0.22241866708144076,-0.00179951678804105,-0.005232620046331093,0.0018278647064786443
resnet50,unweighted_bce,ensemble,Cardiomegaly,T3_2017,offset,offset_vs_raw,0.06724905011527696,0.06855021162084622,0.0013011615055692621,-0.00022735872408838128,0.0027377158915087786,0.2242181838694818,0.22503331865482193,0.0008151347853401214,-0.0037742829354979793,0.005277507051364024
resnet50,unweighted_bce,ensemble,Cardiomegaly,T3_2017,platt,platt_vs_raw,0.06724905011527696,0.06868453308591284,0.001435482970635879,6.110171555137089e-05,0.0027625679344551466,0.2242181838694818,0.22522299240522012,0.0010048085357383107,-0.0035670690310958975,0.0055200132006197515
resnet50,unweighted_bce,ensemble,Edema,T1_2015,temperature,temperature_vs_raw,0.002127485458252291,0.0021423208430735915,1.4835384821300628e-05,-4.843344683262862e-06,2.9459033299800573e-05,0.016310375103184834,0.017570825425160728,0.0012604503219758936,-0.00024868581864731233,0.002946340820926676
resnet50,unweighted_bce,ensemble,Edema,T1_2015,offset,offset_vs_raw,0.002127485458252291,0.0021409273232671786,1.344186501488773e-05,7.462163724288298e-06,2.0225774961500286e-05,0.016310375103184834,0.017277225659125334,0.0009668505559405002,0.0003914850624825714,0.0020070075230408354
resnet50,unweighted_bce,ensemble,Edema,T1_2015,platt,platt_vs_raw,0.002127485458252291,0.0021221488519037063,-5.336606348584506e-06,-9.26327141680735e-06,-1.977998384003944e-06,0.016310375103184834,0.01733110656171487,0.0010207314585300373,0.00035078219054550744,0.0021460355870593834
resnet50,unweighted_bce,ensemble,Edema,T2_2016,temperature,temperature_vs_raw,0.003226333062622966,0.003219050283232218,-7.282779390748069e-06,-3.5250760282042885e-05,1.4398670940939998e-05,0.01859927735963497,0.018167470311815023,-0.00043180704781994525,-0.001974423544615881,0.0007798561657014666
resnet50,unweighted_bce,ensemble,Edema,T2_2016,offset,offset_vs_raw,0.003226333062622966,0.003222301159713965,-4.0319029090008646e-06,-1.830293033876171e-05,6.891513178526035e-06,0.01859927735963497,0.018255989764885766,-0.0003432875947492024,-0.001114581295802402,0.00028610936768968333
resnet50,unweighted_bce,ensemble,Edema,T2_2016,platt,platt_vs_raw,0.003226333062622966,0.0032444136126816895,1.8080550058723575e-05,-8.168645233973483e-06,5.6771560885438276e-05,0.01859927735963497,0.020867896140407818,0.002268618780772849,0.0006136382942901795,0.004586068648373792
resnet50,unweighted_bce,ensemble,Edema,T3_2017,temperature,temperature_vs_raw,1.4829720007577678e-05,3.592071849003127e-05,2.1090998482453595e-05,1.5329399011637057e-05,2.810077263459577e-05,0.0017165418835573439,0.0029288640797835797,0.0012123221962262358,0.0010802182678289313,0.0013648175118020328
resnet50,unweighted_bce,ensemble,Edema,T3_2017,offset,offset_vs_raw,1.4829720007577678e-05,2.5068136048190774e-05,1.0238416040613096e-05,6.072403041567255e-06,1.594656353972415e-05,0.0017165418835573439,0.002176149284385786,0.00045960740082844195,0.0003721279960042375,0.0005706607989519222
resnet50,unweighted_bce,ensemble,Edema,T3_2017,platt,platt_vs_raw,1.4829720007577678e-05,5.054872883188476e-06,-9.774847124389203e-06,-1.5077075131894197e-05,-5.496644419628417e-06,0.0017165418835573439,0.0021577661247687064,0.00044122424121136256,0.0002033712035160828,0.0006445708526240901
resnet50,unweighted_bce,ensemble,Pleural Effusion,T1_2015,temperature,temperature_vs_raw,0.03606656817304478,0.03607993911379757,1.337094075278683e-05,-0.0001292504585166774,0.00016034097054097522,0.12408168017976925,0.12389637655109823,-0.00018530362867102967,-0.0009142165387502701,0.0005348696234678976
resnet50,unweighted_bce,ensemble,Pleural Effusion,T1_2015,offset,offset_vs_raw,0.03606656817304478,0.0351796892340671,-0.000886878938977681,-0.001980246466392721,9.051881989813257e-05,0.12408168017976925,0.1227670006535544,-0.0013146795262148486,-0.004256815828710794,0.0015826024546959404
resnet50,unweighted_bce,ensemble,Pleural Effusion,T1_2015,platt,platt_vs_raw,0.03606656817304478,0.03506621611189422,-0.0010003520611505598,-0.0029869361203619577,0.0009181468160069278,0.12408168017976925,0.12024952728691436,-0.0038321528928548926,-0.008269459243651417,0.0005915561816113796
resnet50,unweighted_bce,ensemble,Pleural Effusion,T2_2016,temperature,temperature_vs_raw,0.035078581058204265,0.03505271568948786,-2.5865368716404546e-05,-0.0001463483087098444,8.59839523023348e-05,0.12876965770124915,0.12819046362243158,-0.0005791940788175687,-0.001294885495922476,8.598977004391324e-05
resnet50,unweighted_bce,ensemble,Pleural Effusion,T2_2016,offset,offset_vs_raw,0.035078581058204265,0.035352606727162075,0.00027402566895780994,-0.0004232463850718273,0.0009810503728572338,0.12876965770124915,0.12967656589620427,0.0009069081949551194,-0.001667561933532518,0.003512850561623813
resnet50,unweighted_bce,ensemble,Pleural Effusion,T2_2016,platt,platt_vs_raw,0.035078581058204265,0.03632696981718052,0.001248388758976253,4.4865948189246464e-05,0.0025668983521192406,0.12876965770124915,0.13029731263551125,0.0015276549342621015,-0.0016175328196685959,0.004864894145718764
resnet50,unweighted_bce,ensemble,Pleural Effusion,T3_2017,temperature,temperature_vs_raw,0.027243782080451993,0.02728313313879021,3.935105833821617e-05,-6.029832531503662e-05,0.00012810599511521164,0.10867710653800271,0.1089031901602949,0.00022608362229219192,-0.0003221365479809499,0.0007425006488563194
resnet50,unweighted_bce,ensemble,Pleural Effusion,T3_2017,offset,offset_vs_raw,0.027243782080451993,0.027747823790491292,0.0005040417100392984,-0.00013036205762830165,0.001121570779238255,0.10867710653800271,0.11129108066278487,0.002613974124782162,0.0005777938775532471,0.004522167952967082
resnet50,unweighted_bce,ensemble,Pleural Effusion,T3_2017,platt,platt_vs_raw,0.027243782080451993,0.028420482111942282,0.0011767000314902888,-5.3930518906118846e-05,0.0024025510133578076,0.10867710653800271,0.11237220620405479,0.003695099666052082,0.00024366564705337231,0.007210551741245276
resnet50,unweighted_bce,ensemble,Pneumonia,T1_2015,temperature,temperature_vs_raw,0.023575017363226574,0.0234360147023042,-0.00013900266092237504,-0.0005258114726163987,0.00019464104633765556,0.09621150154822947,0.0961659029288448,-4.5598619384662475e-05,-0.0036287783555889585,0.0031450739029332724
resnet50,unweighted_bce,ensemble,Pneumonia,T1_2015,offset,offset_vs_raw,0.023575017363226574,0.023480777594772895,-9.42397684536786e-05,-0.0007531560818803707,0.00046953965207644524,0.09621150154822947,0.0960981798635693,-0.00011332168466016146,-0.004186166830045821,0.0032931147282435603
resnet50,unweighted_bce,ensemble,Pneumonia,T1_2015,platt,platt_vs_raw,0.023575017363226574,0.023899523764217286,0.00032450640099071157,-0.00021275268827727667,0.0008166818949125605,0.09621150154822947,0.09798684607893345,0.001775344530703979,-0.0018816811293260393,0.004887486420059616
resnet50,unweighted_bce,ensemble,Pneumonia,T2_2016,temperature,temperature_vs_raw,0.018128628077648853,0.018096983505708635,-3.164457194021822e-05,-0.000251292416551728,0.00016748536612978688,0.0761285098679344,0.07728701065805282,0.0011585007901184219,-0.0010947192274332145,0.0031387795464951473
resnet50,unweighted_bce,ensemble,Pneumonia,T2_2016,offset,offset_vs_raw,0.018128628077648853,0.018116901583167276,-1.172649448157731e-05,-0.0003871572099169466,0.0003420294442678878,0.0761285098679344,0.07669417690013655,0.0005656670322021495,-0.0019597803237392237,0.0027892721493324654
resnet50,unweighted_bce,ensemble,Pneumonia,T2_2016,platt,platt_vs_raw,0.018128628077648853,0.018188013302693425,5.938522504457186e-05,-0.0003266812716763416,0.00042559087972091964,0.0761285098679344,0.07679176918886142,0.0006632593209270204,-0.0018574793574974678,0.0029627551909702787
resnet50,unweighted_bce,ensemble,Pneumonia,T3_2017,temperature,temperature_vs_raw,0.018575265371018466,0.018497451260903276,-7.781411011519024e-05,-0.00034277428175561776,0.00016602416651309693,0.07614364206938827,0.07746651028788497,0.0013228682184966978,-0.0010776785679419661,0.003475392088528464
resnet50,unweighted_bce,ensemble,Pneumonia,T3_2017,offset,offset_vs_raw,0.018575265371018466,0.018433989199342336,-0.00014127617167613085,-0.0006610843221301389,0.00030735191376189344,0.07614364206938827,0.07663533936364637,0.0004916972942581033,-0.00240566171400623,0.003055337056814522
resnet50,unweighted_bce,ensemble,Pneumonia,T3_2017,platt,platt_vs_raw,0.018575265371018466,0.018494407707713805,-8.085766330466135e-05,-0.0006136832224745392,0.0003793706683291445,0.07614364206938827,0.07668795030234826,0.0005443082329599919,-0.0024586136375810757,0.003350784827196203
resnet50,weighted_bce,ensemble,Cardiomegaly,T1_2015,temperature,temperature_vs_raw,0.1259190087419586,0.10362189484417265,-0.02229711389778595,-0.024817154208309048,-0.019829230712538823,0.41143891279549083,0.33200813317501243,-0.0794307796204784,-0.08607939853237775,-0.07269854140531641
resnet50,weighted_bce,ensemble,Cardiomegaly,T1_2015,offset,offset_vs_raw,0.1259190087419586,0.06043332238563816,-0.06548568635632045,-0.07847702165496842,-0.05296240724450977,0.41143891279549083,0.2120708173531848,-0.19936809544230602,-0.2317743729369408,-0.167515274530565
resnet50,weighted_bce,ensemble,Cardiomegaly,T1_2015,platt,platt_vs_raw,0.1259190087419586,0.06043069200237883,-0.06548831673957978,-0.07809633756040815,-0.053191962632139114,0.41143891279549083,0.21044359877468077,-0.20099531402081006,-0.23327212793363175,-0.1698287803942182
resnet50,weighted_bce,ensemble,Cardiomegaly,T1_2015,analytic_weight,analytic_weight_vs_raw,0.1259190087419586,0.059976575264816416,-0.06594243347714218,-0.07901376700430542,-0.0533444300525231,0.41143891279549083,0.20784960130489807,-0.20358931149059276,-0.23688474359673803,-0.17150623502311768
resnet50,weighted_bce,ensemble,Cardiomegaly,T2_2016,temperature,temperature_vs_raw,0.13632267285551755,0.11784410246770395,-0.0184785703878136,-0.020492100934830625,-0.016500470220211696,0.43568596280070643,0.3678017331445064,-0.0678842296562,-0.073439526885183,-0.062363583677351106
resnet50,weighted_bce,ensemble,Cardiomegaly,T2_2016,offset,offset_vs_raw,0.13632267285551755,0.07844419455875279,-0.05787847829676476,-0.06757714337730097,-0.048047501947979646,0.43568596280070643,0.26146238570992086,-0.17422357709078556,-0.198182351067265,-0.1493475053659434
resnet50,weighted_bce,ensemble,Cardiomegaly,T2_2016,platt,platt_vs_raw,0.13632267285551755,0.07818057436174318,-0.05814209849377437,-0.06753680566689169,-0.04861755842141034,0.43568596280070643,0.259870044003882,-0.17581591879682446,-0.1997223713876226,-0.15050194696158362
resnet50,weighted_bce,ensemble,Cardiomegaly,T2_2016,analytic_weight,analytic_weight_vs_raw,0.13632267285551755,0.07837901447515655,-0.057943658380361,-0.06782943852787265,-0.04793625748053969,0.43568596280070643,0.2587411520752213,-0.17694481072548512,-0.20189353552555936,-0.15062955168995573
resnet50,weighted_bce,ensemble,Cardiomegaly,T3_2017,temperature,temperature_vs_raw,0.13620335443062523,0.11767564838603209,-0.01852770604459314,-0.020955830405733896,-0.01620105475819685,0.43506984600473997,0.36838922676014213,-0.06668061924459784,-0.07351739146512573,-0.05983185977358892
resnet50,weighted_bce,ensemble,Cardiomegaly,T3_2017,offset,offset_vs_raw,0.13620335443062523,0.0791639991673312,-0.057039355263294025,-0.06934838292332372,-0.045678839147210125,0.43506984600473997,0.2658141689086555,-0.16925567709608447,-0.1997464174230801,-0.13927680511591917
resnet50,weighted_bce,ensemble,Cardiomegaly,T3_2017,platt,platt_vs_raw,0.13620335443062523,0.07897590363441642,-0.057227450796208806,-0.06935239874325823,-0.04617940274468985,0.43506984600473997,0.26609091352917397,-0.168978932475566,-0.19964166714985981,-0.13857828025639266
resnet50,weighted_bce,ensemble,Cardiomegaly,T3_2017,analytic_weight,analytic_weight_vs_raw,0.13620335443062523,0.07904876357653903,-0.057154590854086196,-0.06963903257321369,-0.045699895972392275,0.43506984600473997,0.26291242282944355,-0.17215742317529642,-0.20352581752185606,-0.14109801903183486
resnet50,weighted_bce,ensemble,Edema,T1_2015,temperature,temperature_vs_raw,0.04905240318311463,0.04199023396076266,-0.00706216922235197,-0.00814406126037216,-0.005879929248881874,0.19363649408891734,0.15190922232124532,-0.04172727176767202,-0.04976446513224462,-0.02884841238027274
resnet50,weighted_bce,ensemble,Edema,T1_2015,offset,offset_vs_raw,0.04905240318311463,0.0022194547794651665,-0.04683294840364946,-0.05297191329695225,-0.04096168996685088,0.19363649408891734,0.019555265559014642,-0.1740812285299027,-0.19683057776887122,-0.15018965181361033
resnet50,weighted_bce,ensemble,Edema,T1_2015,platt,platt_vs_raw,0.04905240318311463,0.01833203754323408,-0.030720365639880547,-0.03605134394888148,-0.026248413524630098,0.19363649408891734,0.09073626719873978,-0.10290022689017755,-0.11907811023679085,-0.08558586401310558
resnet50,weighted_bce,ensemble,Edema,T1_2015,analytic_weight,analytic_weight_vs_raw,0.04905240318311463,0.0021285212392739296,-0.0469238819438407,-0.053137824327977326,-0.04100665115918228,0.19363649408891734,0.01926700454169561,-0.17436948954722173,-0.19854490870909353,-0.14841964614516837
resnet50,weighted_bce,ensemble,Edema,T2_2016,temperature,temperature_vs_raw,0.05313391904641138,0.04662749574290464,-0.006506423303506745,-0.007379790579094859,-0.005652871404389741,0.20545189637788322,0.16292518589191704,-0.04252671048596618,-0.045709355450605386,-0.03930146178538097
resnet50,weighted_bce,ensemble,Edema,T2_2016,offset,offset_vs_raw,0.05313391904641138,0.0032501745040767653,-0.049883744542334615,-0.05457710178582907,-0.04522138271845398,0.20545189637788322,0.01935650228930087,-0.18609539408858236,-0.20246859340961113,-0.16938057993387953
resnet50,weighted_bce,ensemble,Edema,T2_2016,platt,platt_vs_raw,0.05313391904641138,0.012280505425137974,-0.04085341362127341,-0.04455987088695847,-0.037201245180908386,0.20545189637788322,0.07616672802647016,-0.12928516835141307,-0.1376928724723357,-0.12091301926609234
resnet50,weighted_bce,ensemble,Edema,T2_2016,analytic_weight,analytic_weight_vs_raw,0.05313391904641138,0.0032551439542124745,-0.04987877509219891,-0.054597671537544204,-0.04519804901247618,0.20545189637788322,0.023757299183700835,-0.18169459719418238,-0.2013773885734774,-0.15997263980532292
resnet50,weighted_bce,ensemble,Edema,T3_2017,temperature,temperature_vs_raw,0.053006898317838495,0.04557523149269462,-0.007431666825143873,-0.00847573807051465,-0.006376224196930989,0.20441892417621937,0.16003492345512327,-0.044384000721096106,-0.04751309969120556,-0.04127535147951088
resnet50,weighted_bce,ensemble,Edema,T3_2017,offset,offset_vs_raw,0.053006898317838495,5.4677836437897174e-05,-0.0529522204814006,-0.05835324909384979,-0.04783926037833518,0.20441892417621937,0.00225849794571568,-0.2021604262305037,-0.2166225634808162,-0.18851836432337976
resnet50,weighted_bce,ensemble,Edema,T3_2017,platt,platt_vs_raw,0.053006898317838495,0.009860429511084541,-0.043146468806753956,-0.04761511503889915,-0.038968303946100374,0.20441892417621937,0.06905294840783835,-0.13536597576838102,-0.1451503443590251,-0.12631494036050187
resnet50,weighted_bce,ensemble,Edema,T3_2017,analytic_weight,analytic_weight_vs_raw,0.053006898317838495,1.5790356331011057e-06,-0.05300531928220539,-0.05846471130905091,-0.04790105824763816,0.20441892417621937,0.0003540732850145256,-0.20406485089120485,-0.21877470687331937,-0.19029091778891372
resnet50,weighted_bce,ensemble,Pleural Effusion,T1_2015,temperature,temperature_vs_raw,0.11010975595263317,0.0876170702147726,-0.022492685737860577,-0.024914224019241003,-0.019924832887154076,0.37253973862136697,0.2843722974919166,-0.08816744112945035,-0.09495470225446255,-0.08112165030812023
resnet50,weighted_bce,ensemble,Pleural Effusion,T1_2015,offset,offset_vs_raw,0.11010975595263317,0.03843054765505529,-0.07167920829757787,-0.08280354091369371,-0.059943627804449326,0.37253973862136697,0.13985983527142679,-0.23267990334994018,-0.26086813645701507,-0.202745069881105
resnet50,weighted_bce,ensemble,Pleural Effusion,T1_2015,platt,platt_vs_raw,0.11010975595263317,0.0379611040895933,-0.07214865186303987,-0.08266052821717398,-0.06089248349107743,0.37253973862136697,0.13514712438943277,-0.2373926142319342,-0.2645595367560604,-0.2095030170226511
resnet50,weighted_bce,ensemble,Pleural Effusion,T1_2015,analytic_weight,analytic_weight_vs_raw,0.11010975595263317,0.04024287138550519,-0.06986688456712797,-0.08193797505224731,-0.05721390367836838,0.37253973862136697,0.14051300749828302,-0.23202673112308395,-0.26529539905419175,-0.1974860181111315
resnet50,weighted_bce,ensemble,Pleural Effusion,T2_2016,temperature,temperature_vs_raw,0.12537336872049065,0.10448782024274211,-0.02088554847774854,-0.022619489261158678,-0.019148894602584607,0.40673324758707885,0.3248418186278414,-0.08189142895923746,-0.08711660726834908,-0.07652401663831594
resnet50,weighted_bce,ensemble,Pleural Effusion,T2_2016,offset,offset_vs_raw,0.12537336872049065,0.03606993592330625,-0.0893034327971844,-0.09835895608080271,-0.08020216044541076,0.40673324758707885,0.13827675731236538,-0.26845649027471347,-0.2915687786996401,-0.24523236623576133
resnet50,weighted_bce,ensemble,Pleural Effusion,T2_2016,platt,platt_vs_raw,0.12537336872049065,0.03635061626433491,-0.08902275245615573,-0.09765847902642687,-0.0802991461487409,0.40673324758707885,0.13562824398880838,-0.2711050035982705,-0.29309390313055766,-0.24862712445860757
resnet50,weighted_bce,ensemble,Pleural Effusion,T2_2016,analytic_weight,analytic_weight_vs_raw,0.12537336872049065,0.036673541142477575,-0.08869982757801308,-0.09859175735443415,-0.07880232939899472,0.40673324758707885,0.1357229057517986,-0.2710103418352803,-0.2989198851417687,-0.2429374854211191
resnet50,weighted_bce,ensemble,Pleural Effusion,T3_2017,temperature,temperature_vs_raw,0.12272523388803698,0.10075315066133304,-0.021972083226703937,-0.024121480645187397,-0.01978218496249879,0.4015340887310412,0.3186902660726146,-0.0828438226584266,-0.08932411837133951,-0.07646856988095185
resnet50,weighted_bce,ensemble,Pleural Effusion,T3_2017,offset,offset_vs_raw,0.12272523388803698,0.02911966269365767,-0.09360557119437932,-0.10155979622062086,-0.08506679703182679,0.4015340887310412,0.12082450143859777,-0.28070958729244344,-0.3009946930690098,-0.2587879114725387
resnet50,weighted_bce,ensemble,Pleural Effusion,T3_2017,platt,platt_vs_raw,0.12272523388803698,0.029736808928785594,-0.09298842495925139,-0.10066639698482639,-0.08486925150880013,0.4015340887310412,0.12112012393720378,-0.2804139647938374,-0.3005608334950416,-0.2589414092571845
resnet50,weighted_bce,ensemble,Pleural Effusion,T3_2017,analytic_weight,analytic_weight_vs_raw,0.12272523388803698,0.029130990077649715,-0.09359424381038726,-0.10216830792316074,-0.08443166487825798,0.4015340887310412,0.11493138172193461,-0.28660270700910656,-0.3103092747742168,-0.2605691011134818
resnet50,weighted_bce,ensemble,Pneumonia,T1_2015,temperature,temperature_vs_raw,0.14346069812861967,0.14041235859179685,-0.0030483395368228194,-0.003648603296299824,-0.002460035484974374,0.46401256784044764,0.45679094748074267,-0.007221620359704972,-0.008695836643581086,-0.005752715316400242
resnet50,weighted_bce,ensemble,Pneumonia,T1_2015,offset,offset_vs_raw,0.14346069812861967,0.023039591262286847,-0.12042110686633282,-0.13355563010968674,-0.10700518324898123,0.46401256784044764,0.09504317357630743,-0.3689693942641402,-0.4040994091036817,-0.33177759622399483
resnet50,weighted_bce,ensemble,Pneumonia,T1_2015,platt,platt_vs_raw,0.14346069812861967,0.023423123007470077,-0.1200375751211496,-0.13329543273002983,-0.10672850308982769,0.46401256784044764,0.09635190619459907,-0.36766066164584854,-0.40300341849561766,-0.3298549403242786
resnet50,weighted_bce,ensemble,Pneumonia,T1_2015,analytic_weight,analytic_weight_vs_raw,0.14346069812861967,0.023307149857856008,-0.12015354827076366,-0.13360564140279624,-0.10643375785117448,0.46401256784044764,0.09543961115153751,-0.3685729566889101,-0.40608787126339285,-0.3285340320520498
resnet50,weighted_bce,ensemble,Pneumonia,T2_2016,temperature,temperature_vs_raw,0.1445937093825743,0.1409835517798623,-0.003610157602711994,-0.004031798130008537,-0.003204288349069516,0.46593040194204527,0.45724545742116324,-0.008684944520882032,-0.00965626974195719,-0.007773133967931704
resnet50,weighted_bce,ensemble,Pneumonia,T2_2016,offset,offset_vs_raw,0.1445937093825743,0.01798323327388138,-0.12661047610869292,-0.13541849025290761,-0.11841536835649497,0.46593040194204527,0.07799610924545616,-0.3879342926965891,-0.4105190142579009,-0.36548346467098713
resnet50,weighted_bce,ensemble,Pneumonia,T2_2016,platt,platt_vs_raw,0.1445937093825743,0.018063688599038192,-0.1265300207835361,-0.13535825751694427,-0.11838116312116724,0.46593040194204527,0.07827773278266238,-0.3876526691593829,-0.410226275074462,-0.36508287422796987
resnet50,weighted_bce,ensemble,Pneumonia,T2_2016,analytic_weight,analytic_weight_vs_raw,0.1445937093825743,0.018058698606188722,-0.12653501077638557,-0.1355716719485503,-0.118239623735192,0.46593040194204527,0.07726712190464058,-0.3886632800374047,-0.4127152345953586,-0.36439236448657053
resnet50,weighted_bce,ensemble,Pneumonia,T3_2017,temperature,temperature_vs_raw,0.14521173562109302,0.14197999297126837,-0.003231742649824648,-0.003792400434213582,-0.0026770365411665506,0.4683827516105666,0.4602677105058082,-0.008115041104758358,-0.009440671004273715,-0.006795890758975318
resnet50,weighted_bce,ensemble,Pneumonia,T3_2017,offset,offset_vs_raw,0.14521173562109302,0.01862402738469592,-0.1265877082363971,-0.1369724837874074,-0.1161457106827675,0.4683827516105666,0.08148166461206656,-0.3869010869985,-0.4137980614353945,-0.35905500375839633
resnet50,weighted_bce,ensemble,Pneumonia,T3_2017,platt,platt_vs_raw,0.14521173562109302,0.018779726404891686,-0.12643200921620135,-0.13683984672966337,-0.11596648671515594,0.4683827516105666,0.08157078058694568,-0.3868119710236209,-0.41382558874616115,-0.3590371609802149
resnet50,weighted_bce,ensemble,Pneumonia,T3_2017,analytic_weight,analytic_weight_vs_raw,0.14521173562109302,0.018646840713015807,-0.1265648949080772,-0.1371016846837108,-0.11591699208551118,0.4683827516105666,0.08088859255850386,-0.38749415905206275,-0.4160036351437215,-0.35789010648011804
