file,size_bytes,last_modified,sha256
checkpoints/anchor_densenet121_unweighted_bce_seed123.pth,28462763,2026-09-21T19:03:26,1e95b7c4c29ade72df3419d256f9c69d152c008f98f2e9c0619d28b6a8e0c3de
checkpoints/anchor_densenet121_unweighted_bce_seed2026.pth,28463496,2026-09-21T19:09:19,147a0adb2a643ad26ee7790650744c08da4e270619e91f9815f0eae79b3ea029
checkpoints/anchor_densenet121_unweighted_bce_seed42.pth,28462030,2026-09-21T17:06:18,44fef1c338cd3717350408548436da517e41ff2c786314a1393b43aeeba24cca
checkpoints/anchor_densenet121_weighted_bce_seed123.pth,28461617,2026-09-21T15:24:55,4183017d01206a717ab2d291e29b03aa50b0f12378a33108818a722937ac8c34
checkpoints/anchor_densenet121_weighted_bce_seed2026.pth,28462350,2026-09-21T17:19:23,5857c0e3893f406b1fccab699d6614381dd777c9cfeb6a2d752dc11a5a22b476
checkpoints/anchor_densenet121_weighted_bce_seed42.pth,28460884,2026-09-21T14:03:08,0dee2d67db6fad2338fd72f22fbb34c7a71b55e062ca7bb391ee0fa8a5b83d10
checkpoints/anchor_resnet50_unweighted_bce_seed123.pth,94393977,2026-09-22T00:59:12,0336e6920cc7470285320a37206283e5e03bf4b828c32ad37b495c0cd54eac94
checkpoints/anchor_resnet50_unweighted_bce_seed2026.pth,94394303,2026-09-22T01:09:28,ee609baa96f93a297ba58a231fc840ee30fe4438eec851948eba538b1dc60ee3
checkpoints/anchor_resnet50_unweighted_bce_seed42.pth,94393651,2026-09-21T23:15:41,674a91ea093e8869465aa66a1a3c93efe492962b80d34a5339ab98dfea52cba6
checkpoints/anchor_resnet50_weighted_bce_seed123.pth,94393645,2026-09-21T22:39:08,eb0adf9ecbead4b1ce9a7c03015bdf64367b9b22ed59dfb010e9a810ac5b38cc
checkpoints/anchor_resnet50_weighted_bce_seed2026.pth,94393971,2026-09-21T23:57:48,5affd1041f8881cf3f28b2f52edcc3aa6cf2c64024015202048b910ad9531933
checkpoints/anchor_resnet50_weighted_bce_seed42.pth,94393319,2026-09-21T22:19:52,c541c11f6e88167f388e90f4f5958f9f938815cd00cc331f5c333b8c83724645
checkpoints/best_densenet121.pth,28444054,2026-09-20T22:40:11,97e1a531d48b1f55557d61adfeb5936c4f2920db03e3e0b736a2f6f54428b245
checkpoints/best_resnet50.pth,94385443,2026-09-21T00:13:07,98a1a097fd87489b4f796f61bb20c64c47eed8c87f626cbd44988ab2f7ef419d
configs/config.yaml,1454,2026-09-21T10:48:07.296929,f0b773e36d8c3fe3bea7bd7c5f6b8bc83b7d4bb0c2be647820180ced7ba168b4
data/processed/stage2_manifest.csv,24896695,2026-09-21T10:47:46.446703,affcf6b3b7ab36ea67f7b09f63cba1b01f38f4876f1e4aa82a0b4640c7a61021
docs/stage2/brax_custodian_inquiry.md,2782,2026-09-22T08:34:40.672352,760fc4e6d946239ed5d91bc947f894604ab1efb09703b15053f689fe4d9cd45d
docs/stage2/date_semantics.md,2685,2026-09-21T10:43:29.511445,117a4ce40958d8642aefcee1864187b6d39a6abebb589c464e9c17c607cd6c04
docs/stage2/protocol.md,5414,2026-09-21T10:48:18.568254,bd53d5b570028b16e248196a209eb3c8e4d48c3d4d848cd7ab1f7efe741883a0
docs/stage2/provenance_audit.md,8758,2026-09-22T08:36:36.214628,6e5347b31269e72469173493b8cb7c5e3cacc63781790d92126f75fefdcb746a
manuscript/MANUSCRIPT.md,24084,2026-09-22T09:27:22.186695,e17292e42bd1dd475b88fef43dfcf3698a84b2b4dc873302e65ab5d6f6d6491c
manuscript/main.aux,10264,2026-09-22T09:26:29.713603,5022a0674cbcf560cf9a69b081538d96363c451c0cffb5f002ed14c77698ec6a
manuscript/main.bbl,5033,2026-09-22T09:25:43.276268,93e857fc54a6eccbc9e29ee8aadee8487ca928a818a28ae1e3bbd901b410d838
manuscript/main.blg,1408,2026-09-22T09:25:43.276516,520f3a928f366585b4fb17b756066c79b088708d78e3f4c80dcc023322f5831b
manuscript/main.log,28481,2026-09-22T09:26:29.771301,f08cf336b358b84ef574a941f44a73b149853446a63ed98fd9ffc96adb0b268b
manuscript/main.out,5885,2026-09-22T09:26:29.714617,a1dbd76d66cc990fae3e5062b929a7ecb8deb3cb99a35fd0fe9afa97d01b7479
manuscript/main.pdf,1743543,2026-09-22T09:26:29.770473,bdba9d453f03a606c2eb7b92ba0472863f22040a4bba25dadc61846b106653bd
manuscript/main.tex,33188,2026-09-22T09:26:19.167065,33277df8c90173597c9a9caf60d6a69e74273ade60533857aae4cbd48227f9a0
manuscript/page-1.png,656947,2026-09-22T08:37:30.074939,d06f59c82cf4d18850f70cebe2370cfff407ce454cdf2cbc949dacccdf005dab
manuscript/page-2.png,583863,2026-09-22T08:37:31.108864,2605436f8cbb31c2774c8a7cd636c2a9b931521f13bfa16bc26d121e96f17993
manuscript/page-3.png,555876,2026-09-22T08:37:31.943351,88efa1df5ea8090673d6c929187fdb6322700864493502999a7560cc03b19317
manuscript/page-4.png,662834,2026-09-22T08:38:03.458369,b3d35f8f0605e418f7c4de640baf17b8e4b1a389a53785190bb9fcad29a96772
manuscript/page-5.png,510837,2026-09-22T08:38:04.552591,7030e38bb02733a695e7ae5f5ed3365912b465369c4ae1be26b084b40c3bbcad
manuscript/page-6.png,528943,2026-09-22T08:38:06.352217,6899e23e0b4ca599f345a66f74b828ca353afd02956b705bac5876cb35903e30
manuscript/page-7.png,494904,2026-09-22T08:38:07.743467,bf8d4fdeea2e8d99fc0440bce23b93e00cc46fe0918dcbec862a72036b8f0114
manuscript/references.bib,6746,2026-09-22T09:24:18.512927,9ea921e60206d6ad89d93c4dbf79451f42731a564984c52f5143fbd80dc82cf7
reports/manuscript_figures/fig2_drift_trajectories.png,574480,2026-09-22T09:23:39.733046,c7c87cee45e493d1444a5392b87e61feb3f06b8b44a1a3e9b828f4ebe131aa0b
reports/manuscript_figures/fig3_recalibration_comparison.png,201085,2026-09-22T09:23:40.377162,7be1586f129b8a839687d085dd0fd41f366824a649a4f1c3f3cabb7e0705fe6b
reports/manuscript_figures/fig4_selective_risk_coverage.png,433146,2026-09-22T09:23:40.973653,8c226197b40c70efe811b01ea4ff2284871efc33fc1a330d9c43a48e3d75cdb5
reports/manuscript_figures/fig5_reliability_diagrams.png,323394,2026-09-22T09:23:43.667446,c0563cba66fbfdd398aa89d8b8b109be96f7c2667a9968605fc1eaf766545e3f
reports/manuscript_tables/table1_cohort_demographics.csv,1052,2026-09-22T09:23:38.215760,d57021a9e915af3b0232b1d787a12ea95bd37c1dc60a86ff3a6a6d49e334f212
reports/manuscript_tables/table1_cohort_demographics.md,1969,2026-09-22T09:23:38.265775,895e95d69ef1cae0adf66894b4b145467ff30bde2d41a2f519eb9854c9347bc5
reports/manuscript_tables/table1_cohort_demographics.tex,1314,2026-09-22T09:23:38.259850,71b767b750ff03f58f0126302b1e5813145ad6338b1a480f6a9536ffa092c137
reports/manuscript_tables/table2_factorial_matrix.csv,3908,2026-09-22T09:23:38.288291,c9bdde338c37837a44a225a1b8b43ca44ffd468b586ffc531b15ca5cd8280704
reports/manuscript_tables/table2_factorial_matrix.md,5624,2026-09-22T09:23:38.296833,14796417ed916b00dad489b3124e9d46be8a8aed5eccbcb4a42b36599bd0c99a
reports/manuscript_tables/table2_factorial_matrix.tex,4582,2026-09-22T09:23:38.294317,33ba9dbc213290d5beccc6a4ec49dcaf7fa964831dbfcfad458c22080855cb7d
reports/manuscript_tables/table3_calibrator_comparison.csv,2207,2026-09-22T09:23:38.315825,42f6ba2d1215d59f637492d4bf58da04f290a0e4462c0f9bb883dfe6e960add8
reports/manuscript_tables/table3_calibrator_comparison.md,4173,2026-09-22T09:23:38.321228,4f864dffacc10451a947231939a95c80d05cda27a083c682854aedc4038b2ec7
reports/manuscript_tables/table3_calibrator_comparison.tex,2651,2026-09-22T09:23:38.319546,d7d2bf492e8f57794f015250487b95e5f3b666d5891c838117c75482a5008eb9
reports/manuscript_tables/table4_selective_prediction_workload.csv,1866,2026-09-22T09:23:38.345452,4e52b4fcf07b6dbbed062ae49bb2d091c3f1ffca38d8d27d21097d2face31f0f
reports/manuscript_tables/table4_selective_prediction_workload.md,6373,2026-09-22T09:23:38.352315,9702d6d6efc9dc19dcbf6aadbb679a9452aea4d9b7e3ae4250625a15fe00cc0f
reports/manuscript_tables/table4_selective_prediction_workload.tex,2353,2026-09-22T09:23:38.350291,ed768f2d759d2b8d92ba726284de1f800218a13a9f3395ae9d5cce0672fc0f0c
reports/stage2/predictions/preds_anchor_densenet121_unweighted_bce_seed123.csv,13949450,2026-09-22T09:14:29.409641,3d03c5bc284b66afd39dc9ae4c79244550ef9000d049b7a023cd88cd30a2670f
reports/stage2/predictions/preds_anchor_densenet121_unweighted_bce_seed2026.csv,14013005,2026-09-22T09:14:29.701671,3f6aa201c4f3f77c271afecc038d12ab6ca629867e3ba3709606eb7cf6973879
reports/stage2/predictions/preds_anchor_densenet121_unweighted_bce_seed42.csv,13873474,2026-09-22T09:14:29.981854,58e93119aa2956950176281fd04307431f2c6794f5eacddbf3f957dca07f02d6
reports/stage2/predictions/preds_anchor_densenet121_weighted_bce_seed123.csv,13850414,2026-09-22T09:14:30.282777,a37499c4184738cf4c90f79faf0f80f36aabee95ac20211bf7fa94614d7523c6
reports/stage2/predictions/preds_anchor_densenet121_weighted_bce_seed2026.csv,13939730,2026-09-22T09:14:30.580516,ac99087ffe0975389d1b5dab751f6fbcaa114fe8686e12e24e64172ac38d7a72
reports/stage2/predictions/preds_anchor_densenet121_weighted_bce_seed42.csv,13768349,2026-09-22T09:14:30.909097,c3d5425e23c45db7f052e26af373dc18eff224fbc697839c0168d669ae570330
reports/stage2/predictions/preds_anchor_resnet50_unweighted_bce_seed123.csv,13753679,2026-09-22T09:14:31.193197,335ccf4d7841aaebc6522795868e81ad5d80d90603c80ffc83d34b83346dc842
reports/stage2/predictions/preds_anchor_resnet50_unweighted_bce_seed2026.csv,13820048,2026-09-22T09:14:31.533741,ff37b5f696c2a60006e7127be207278e8b6c796557cbab56376ddd938383bcb1
reports/stage2/predictions/preds_anchor_resnet50_unweighted_bce_seed42.csv,13689638,2026-09-22T09:14:31.868844,b8a9777f083f95da7d12dc3c0b12f5eb78150c0bf6e1db44f13fa3a4d0f1f736
reports/stage2/predictions/preds_anchor_resnet50_weighted_bce_seed123.csv,13644987,2026-09-22T09:14:32.168854,61c1a51f6e10566732aaf3820be323ad552bd72c38e600bdf7729cc2e8ba3dfb
reports/stage2/predictions/preds_anchor_resnet50_weighted_bce_seed2026.csv,13746586,2026-09-22T09:14:32.509349,aa1f7b42653089d20ace95abf4f9d0dbd67ca0fdf8b2316af83c936d1cbef10e
reports/stage2/predictions/preds_anchor_resnet50_weighted_bce_seed42.csv,13673507,2026-09-22T09:14:32.788756,fb22992290914a75e6f463dc00c69a8a3935c0bfb40d141df6af38feeef66d23
reports/stage2/predictions/preds_ensemble_3seeds.csv,36436202,2026-09-22T09:14:33.680497,e3d4b40348f9c11446243934397a682c5472a3ace7197ecd239edde3ed7aba57
reports/stage3/stage3_calibrator_improvements_ci.csv,127820,2026-09-22T09:18:16.787535,601b92655a2ee6ce55cc82eca6239f37f6b2c854fbc00c38c14b8cf3f8d2ac79
reports/stage3/stage3_deferral_results.csv,1839108,2026-09-22T09:18:17.122751,15f6e347571f91b85c64f7a75bb0ed4237a203fb94a81cb8c791cf4c59277bdc
reports/stage3/stage3_paired_contrasts.csv,41261,2026-09-22T09:18:17.204124,02cf6c1c69616fa1386519f9c95dbde0f870e916afee29a696b06ff89e4cd400
reports/stage3/stage3_recalibration_full.csv,233745,2026-09-22T09:18:16.782034,eba29287e439f781fa22f3b0b8a6b376747599c6cdbf59b633fba897cdab5a47
scripts/compile_publication_artifacts.py,35191,2026-09-22T09:23:30.811460,007f699e5751b511ef2b1cf3614feb8366baed0417d634ac4ea69f2f73cd5916
scripts/regenerate_provenance.py,3836,2026-09-22T08:36:25.324515,8401e3dca7cda077bfcefdc7168b5e2225302495ca6b3cb4dfcf72c5d63e3d1a
scripts/run_stage2_matrix.sh,4970,2026-09-21T12:58:26.738890,4894a37e521af0f11d2f78271cc8bd0c1aefb4ba4484a48e41b2d905f46074f8
scripts/run_stage3_recalibration.py,23318,2026-09-22T09:17:25.289125,3d2277adb04c1c28325d691ee6dd8410d6c6ee474d9ba918fd9d6690ddd81175
src/data/build_stage2_splits.py,7209,2026-09-21T10:47:36.071815,5ee84ddf352e35b39e881878339516961b3077ee305e4dcd20b9222d6e88eaa6
src/data/dataset.py,4778,2026-09-21T10:43:42.966018,bddcf192118b2ef66a78e35582098b938b59b2eaf0404644939b417d446cab13
src/evaluation/aggregate_stage2.py,13010,2026-09-22T02:13:33.477243,d861422b45a9b8420869c481f15a083fa0afe7a3f2e55ff21ff7344fdbc3c326
src/evaluation/metrics.py,7587,2026-09-21T10:44:16.333824,e8ce52ac03e39f3eed844de20e035964748a781f515905edac747c6f06126eed
src/evaluation/mitigation.py,22024,2026-09-22T09:12:53.048415,0b7d46b729a840f66d4591ad146d98d73a677eec683c315a6c4dd8fb1595e4f2
src/evaluation/predict_frozen.py,7190,2026-09-21T12:52:12.839063,898c89df63bded9aa62de5eeafe4084e43ddcbd0f84abe471af16f40289f77e7
src/evaluation/run_sensitivity_and_cohort_shift.py,15820,2026-09-22T09:14:18.376021,998aab279926cfbdc416786c75dc23da5097f1714405b113e92b16dab8964294
src/evaluation/tdi.py,13426,2026-09-22T02:45:23.450464,1bb778ea5922da3b3bb2c3aabe8adbef97f7da0862c90f73bfef1cf3cf736ee4
src/training/train_anchor.py,10826,2026-09-21T12:50:50.025163,e12e7e433a3b775a37c7a59acac0dbd0ba1d75bce37bbcb9d7c0986235bc2000
